date	accomp	business	education	errands	home	leisure	shop_daily	shop_other	traveling	undefined	visit	work	notAtHome	notAtHomeExceptLeisureAndEdu	notAtHomeExceptEdu	notAtHome_22
20200302	0	0	0	0	0	0	0	0	0	0	0	0	0	0	0	0
20200303	6	2	-1	5	-1	1	-3	-2	5	34	-27	1	2	3	2	6
20200304	-3	-3	-1	-2	0	-8	0	3	6	27	-22	5	-1	2	-1	0
20200305	3	-1	-1	-2	0	-9	-2	4	7	41	-27	6	-1	3	-1	2
20200306	6	-11	-11	1	-1	6	2	3	13	53	-1	-5	1	0	2	30
20200307	0	0	0	0	0	0	0	0	0	0	0	0	0	0	0	0
20200308	0	0	0	0	0	0	0	0	0	0	0	0	0	0	0	0
20200309	-2	-4	0	-4	1	-10	-3	-1	3	24	-26	3	-3	0	-3	-6
20200310	1	0	3	-3	0	-5	0	1	1	19	-32	6	0	2	0	-1
20200311	-1	1	-5	2	-1	1	-2	2	2	36	-25	5	2	3	2	15
20200312	-1	-5	6	-4	0	-6	-5	9	9	53	-19	5	0	2	-1	2
20200313	2	-15	-11	-5	1	1	2	2	7	50	-10	-8	-3	-4	-2	17
20200314	-18	-3	-19	-4	3	-4	-13	-12	-16	-26	13	-4	-7	-11	-7	-11
20200315	-7	-24	-2	-10	2	-6	-20	-10	-13	-6	3	-14	-8	-11	-8	-4
20200316	-17	-16	-29	-9	6	-6	-10	-3	-11	22	-29	-17	-12	-13	-11	-4
20200317	-19	-26	-37	-15	8	-7	-15	-10	-18	12	-39	-23	-17	-19	-15	-9
20200318	-22	-32	-43	-20	10	-12	-22	-16	-24	1	-45	-25	-21	-24	-20	-11
20200319	-26	-37	-49	-23	11	-10	-32	-18	-27	6	-47	-30	-24	-28	-22	-12
20200320	-35	-43	-49	-32	13	-9	-29	-26	-31	-24	-50	-37	-28	-35	-27	-11
20200321	-44	-29	-26	-39	12	-27	-34	-38	-47	-41	-27	-19	-32	-38	-32	-40
20200322	-40	-52	-32	-37	9	-27	-28	-34	-45	-35	-35	-30	-31	-38	-31	-25
20200323	-37	-45	-52	-35	15	-19	-37	-35	-40	-8	-54	-37	-33	-38	-32	-21
20200324	-40	-44	-50	-36	15	-22	-36	-37	-40	-10	-52	-36	-34	-38	-33	-23
20200325	-37	-44	-50	-34	15	-18	-35	-32	-39	-12	-51	-37	-32	-37	-31	-21
20200326	-38	-42	-50	-32	14	-17	-34	-31	-38	-9	-44	-37	-31	-36	-30	-20
20200327	-34	-50	-54	-33	14	-12	-32	-29	-35	-18	-30	-41	-31	-38	-30	-16
20200328	-51	-47	-37	-41	13	-30	-42	-43	-49	-65	-33	-35	-38	-45	-38	-50
20200329	-46	-62	-34	-45	10	-30	-48	-46	-58	-42	-37	-36	-36	-47	-36	-24
20200330	-34	-44	-54	-31	14	-12	-35	-32	-39	1	-49	-37	-30	-36	-28	-14
20200331	-32	-43	-52	-29	13	-11	-31	-26	-36	-19	-50	-37	-28	-34	-27	-14
20200401	-33	-44	-51	-27	13	-12	-32	-24	-35	-7	-46	-37	-28	-34	-27	-13
20200402	-36	-47	-52	-33	15	-18	-31	-28	-35	-10	-53	-37	-32	-36	-30	-18
20200403	-39	-56	-57	-40	17	-23	-36	-38	-39	-21	-37	-42	-37	-42	-36	-21
20200404	-37	-48	-35	-36	12	-26	-33	-33	-41	-44	-27	-27	-31	-37	-31	-38
20200405	-25	-50	-28	-25	7	-21	-29	-19	-29	-18	-6	-33	-23	-27	-23	-20
20200406	-31	-44	-52	-30	13	-15	-28	-23	-31	4	-53	-36	-29	-33	-27	-17
20200407	-27	-44	-51	-23	12	-8	-25	-20	-32	-9	-46	-37	-26	-32	-24	-10
20200408	-21	-38	-51	-21	9	-4	-26	-21	-28	9	-41	-26	-20	-26	-19	-1
20200409	36	440	485	48	-4	-29	458	291	-4	-66	5	402	16	83	13	11
20200410	-17	-43	-21	-21	5	-15	-27	-20	-27	-13	-18	-26	-18	-22	-18	-12
20200411	-31	-43	-15	-30	9	-21	-26	-22	-34	-33	-19	-23	-25	-29	-25	-31
20200412	-16	-45	-15	-17	5	-14	-22	-8	-25	-13	-11	-25	-16	-20	-16	-9
20200413	-34	-53	-30	-38	9	-26	-37	-32	-45	-26	-26	-29	-30	-37	-30	-20
20200414	-36	-44	-54	-33	14	-20	-31	-24	-33	-10	-61	-34	-31	-34	-30	-17
20200415	-30	-46	-53	-29	14	-20	-28	-24	-29	-4	-45	-35	-30	-33	-29	-18
20200416	-31	-41	-52	-27	13	-18	-25	-17	-26	21	-52	-35	-28	-30	-26	-15
20200417	-26	-47	-53	-26	12	-8	-24	-18	-24	-6	-38	-38	-26	-32	-25	-7
20200418	-37	-43	-37	-34	11	-22	-33	-32	-41	-39	-32	-22	-28	-35	-28	-32
20200419	-29	-50	-22	-30	7	-22	-36	-31	-34	-19	-25	-33	-25	-30	-25	-17
20200420	-26	-41	-47	-26	11	-17	-25	-22	-25	20	-43	-26	-25	-27	-24	-6
20200421	-27	-40	-46	-26	12	-18	-25	-17	-25	6	-53	-28	-26	-28	-25	-14
20200422	-26	-38	-45	-27	11	-17	-23	-12	-23	12	-59	-28	-25	-27	-24	-14
20200423	-20	-36	-43	-21	10	-13	-23	-14	-20	26	-37	-28	-22	-24	-21	-12
20200424	-17	-42	-45	-19	9	-1	-21	-22	-22	5	-20	-36	-21	-28	-19	-3
20200425	-30	-36	-31	-27	8	-17	-28	-24	-32	-31	-12	-18	-22	-28	-22	-30
20200426	-18	-50	-20	-19	5	-16	-27	-13	-21	-19	-1	-26	-18	-21	-18	-14
20200427	-27	-38	-44	-22	11	-14	-22	-19	-24	14	-43	-28	-23	-26	-22	-10
20200428	-26	-37	-46	-22	10	-10	-24	-22	-27	-2	-52	-30	-23	-27	-22	-16
20200429	-25	-34	-48	-22	10	-6	-26	-21	-26	26	-42	-30	-21	-26	-20	-6
20200430	34	485	613	47	-5	-35	476	304	7	-63	13	456	17	94	13	6
20200501	-18	-45	-14	-23	6	-17	-22	-23	-30	-12	-29	-17	-20	-23	-20	-5
20200502	-30	-38	-26	-32	10	-23	-26	-26	-35	-31	-26	-19	-26	-30	-26	-29
20200503	-21	-43	-19	-22	5	-17	-26	-20	-23	-12	-11	-25	-19	-22	-19	-13
20200504	-23	-36	-41	-24	11	-17	-22	-21	-22	16	-55	-27	-23	-25	-23	-11
20200505	-24	-33	-41	-20	9	-14	-20	-15	-19	9	-48	-23	-21	-22	-20	-12
20200506	-22	-33	-41	-21	10	-15	-22	-12	-18	11	-36	-24	-21	-23	-20	-11
20200507	-17	-35	-39	-17	9	-13	-19	-11	-15	13	-38	-24	-19	-21	-18	-9
20200508	-13	-40	-43	-16	8	-4	-13	-10	-11	4	-15	-29	-18	-22	-16	6
20200509	-14	-31	-19	-17	5	-11	-18	-10	-18	-25	-2	-12	-14	-17	-14	-17
20200510	-10	-40	-18	-20	5	-14	-29	-20	-20	-16	-5	-26	-16	-20	-16	-10
20200511	-26	-38	-39	-24	11	-18	-22	-18	-22	2	-44	-24	-24	-25	-23	-15
20200512	-24	-34	-36	-20	9	-15	-20	-14	-18	-2	-44	-21	-21	-22	-20	-14
20200513	-25	-32	-39	-19	10	-15	-22	-13	-17	-4	-37	-24	-21	-22	-20	-13
20200514	-18	-31	-36	-16	8	-14	-14	-12	-14	8	-34	-22	-18	-19	-17	-8
20200515	-11	-36	-41	-13	7	-1	-8	-5	-8	7	-16	-29	-15	-19	-14	9
20200516	-17	-32	-18	-16	5	-12	-18	-10	-18	-28	2	-11	-14	-17	-14	-18
20200517	-6	-46	-3	-11	3	-9	-21	-5	-11	-15	6	-22	-10	-14	-10	-5
20200518	-19	-28	-38	-17	8	-11	-14	-6	-13	22	-43	-19	-17	-18	-16	-3
20200519	-13	-29	-33	-14	7	-11	-15	-11	-11	21	-38	-19	-16	-17	-15	-4
20200520	56	590	713	65	-8	-33	571	375	28	-61	33	535	30	123	25	24
20200521	18	-30	4	10	-1	6	-12	9	11	7	23	-19	6	6	6	17
20200522	42	416	535	51	-5	-32	556	348	16	-63	39	400	18	92	14	17
20200523	-17	-29	-20	-19	6	-12	-20	-16	-21	-23	-19	-12	-16	-19	-16	-15
20200524	-10	-47	-12	-14	3	-10	-23	-11	-11	-18	-4	-17	-12	-15	-12	-6
20200525	-18	-29	-35	-16	8	-10	-13	-12	-12	13	-37	-22	-17	-18	-16	-4
20200526	-15	-27	-31	-13	6	-9	-12	-8	-8	15	-36	-17	-14	-15	-13	-2
20200527	-14	-24	-32	-11	6	-8	-10	-2	-7	13	-39	-20	-14	-15	-13	-2
20200528	-8	-26	-33	-10	5	-5	-12	3	-5	35	-38	-20	-12	-14	-11	3
20200529	1	-27	-39	-5	3	9	-5	0	7	28	-7	-26	-7	-12	-6	25
20200530	-1	-24	-13	-3	1	1	-7	0	-3	-15	21	-8	-2	-5	-2	-4
20200531	22	-32	4	8	-1	4	-18	16	11	1	20	-17	4	5	4	19
20200601	10	-37	6	5	0	0	-14	23	8	2	35	-19	1	2	1	10
20200602	-7	-22	-37	-8	6	-7	-10	0	-5	35	-28	-20	-12	-13	-11	3
20200603	-9	-25	-31	-9	5	-7	-11	-4	-6	30	-42	-18	-12	-13	-11	2
20200604	-19	-24	-29	-15	7	-11	-14	-10	-10	4	-45	-18	-16	-17	-15	-6
20200605	-8	-32	-33	-12	5	1	-12	-9	-5	14	-12	-22	-12	-16	-11	14
20200606	-12	-28	-13	-13	3	-5	-15	-9	-14	-11	2	-9	-9	-13	-9	-9
20200607	-5	-27	-2	-12	2	-6	-23	1	-9	-9	4	-15	-8	-11	-8	1
20200608	-10	-22	-28	-12	5	-6	-12	-5	-7	31	-43	-16	-12	-13	-11	9
20200609	2	-3	-29	-8	3	-5	-4	-1	-3	24	-44	-8	-6	-5	-5	9
20200610	13	-8	-34	-1	0	6	-5	-1	4	67	-42	-8	-1	-2	1	31
20200611	-20	-47	-70	-23	12	-3	-29	-22	-19	11	-58	-46	-26	-33	-24	14
20200612	13	-18	-44	4	1	13	2	10	7	61	-31	-23	-2	-6	0	43
20200613	17	10	0	0	-2	5	-1	1	-5	5	11	14	4	2	4	9
20200614	4	-14	10	-6	0	-1	-16	-11	-9	3	-4	32	-1	-1	-1	12
20200615	-1	-10	-33	-6	3	-6	-10	-2	-6	40	-46	-10	-8	-7	-7	10
20200616	-2	-14	-30	-8	3	-7	-10	-6	-8	34	-38	-8	-9	-8	-8	9
20200617	-1	-5	-27	-5	2	-2	-4	-4	-3	33	-39	-6	-5	-4	-4	11
20200618	6	-9	-30	-3	1	1	-4	3	0	52	-44	-7	-3	-3	-2	19
20200619	23	-15	-33	4	-1	15	2	-2	9	68	-24	-11	2	-1	4	46
20200620	18	3	-3	2	-3	9	4	5	-2	11	7	14	7	5	7	15
20200621	27	5	21	14	-4	10	-5	10	8	25	7	28	12	16	12	24
20200622	3	-4	-31	-5	1	0	-2	2	-2	59	-33	-7	-4	-4	-2	17
20200623	7	-1	-25	0	0	3	-2	9	2	71	-51	-4	-1	0	1	27
20200624	13	-3	-31	2	-1	3	0	7	4	73	-37	-4	0	1	2	30
20200625	23	7	-27	15	-4	22	-3	-2	1	39	-16	-7	7	4	9	23
20200626	22	-13	-40	12	-3	35	1	4	8	52	10	-25	6	-4	8	64
20200627	18	-5	-15	-2	-2	10	-1	0	-3	-1	12	6	5	0	5	17
20200628	18	-8	30	2	-2	6	-10	8	3	15	0	34	7	9	7	24
20200629	0	-6	-37	-4	2	1	-8	5	-2	65	-40	-9	-5	-5	-3	18
20200630	7	-7	-35	1	1	0	-3	-4	1	39	-43	-8	-4	-3	-2	15
20200701	0	-5	-38	-6	2	1	-8	-1	-1	43	-59	-10	-5	-6	-4	18
20200702	1	-4	-31	-1	1	4	-3	-3	0	47	-37	-7	-2	-3	-1	21
20200703	17	-15	-40	4	-2	20	-1	0	12	66	2	-16	2	-3	4	51
20200704	17	10	-6	0	-3	9	1	0	1	3	2	14	6	4	6	12
20200705	20	-5	15	2	-2	7	-9	13	5	14	1	40	8	10	8	23
20200706	1	-9	-36	-6	2	0	-10	-6	-3	30	-37	-9	-6	-6	-4	14
20200707	3	-5	-33	-1	1	0	-6	2	1	45	-41	-8	-4	-3	-2	16
20200708	-2	-8	-35	-6	3	-4	-11	-11	-5	35	-38	-10	-8	-7	-6	13
20200709	1	-5	-37	-5	2	-1	-9	3	-2	41	-42	-10	-6	-5	-4	20
20200710	9	-13	-39	1	0	11	-4	0	8	52	-31	-12	-1	-3	1	42
20200711	17	9	-12	2	-3	10	5	-2	3	13	4	24	8	7	8	14
20200712	31	-2	20	12	-5	15	1	20	15	26	19	35	16	19	16	28
20200713	6	-6	-34	-1	1	4	-1	1	1	38	-37	-10	-3	-4	-1	22
20200714	-1	-10	-33	-2	1	0	-5	3	0	39	-27	-5	-4	-3	-2	19
20200715	7	0	-37	-3	0	2	-4	0	2	67	-29	-5	-2	-1	0	22
20200716	-1	-8	-39	-7	2	-1	-7	0	-2	37	-32	-8	-6	-6	-4	17
20200717	17	-15	-40	2	-1	18	0	2	12	68	-1	-16	1	-3	3	49
20200718	21	5	-7	6	-5	14	4	1	8	12	6	17	11	8	11	19
20200719	29	2	49	16	-5	16	-12	15	20	30	-4	37	18	22	18	32
20200720	2	-6	-40	-5	1	3	-4	1	0	47	-45	-9	-4	-5	-2	21
20200721	6	-5	-37	0	0	4	-4	3	3	47	-43	-8	-2	-2	0	24
20200722	6	-3	-33	-1	0	4	2	-2	4	46	-35	-8	-2	-2	0	24
20200723	7	0	-33	2	0	4	-1	-2	8	58	-37	-7	0	0	2	29
20200724	17	-18	-42	2	0	18	-1	2	10	52	-20	-19	0	-5	2	46
20200725	13	6	-6	0	-3	11	0	-2	2	5	9	17	7	4	7	15
20200726	20	-1	37	10	-3	9	-6	7	9	20	8	49	12	16	12	25
20200727	3	-6	-40	-3	1	4	-8	0	0	61	-40	-11	-4	-5	-2	21
20200728	7	-10	-38	-4	1	1	-2	0	1	48	-36	-9	-4	-4	-3	20
20200729	6	-4	-35	-1	1	4	-3	-1	5	72	-35	-10	-2	-2	0	25
20200730	13	2	-37	3	-1	6	0	5	9	68	-35	-9	0	1	2	32
20200731	25	-11	-38	9	-3	22	2	9	18	90	-14	-15	5	1	8	60
20200801	20	10	-14	-1	-4	12	5	-2	3	9	-3	13	8	5	9	18
20200802	27	6	24	15	-4	13	-3	9	15	22	-4	40	15	19	15	26
20200803	4	-4	-37	0	2	0	-5	0	0	48	-38	-11	-4	-4	-3	17
20200804	14	6	-38	13	-3	33	-10	-10	-3	50	-32	-19	6	-3	8	6
20200805	9	-3	-33	3	0	6	-1	5	6	66	-40	-9	0	0	2	29
20200806	12	-4	-34	2	-1	6	-1	2	7	81	-43	-6	0	1	2	30
20200807	18	-13	-39	6	-2	20	4	3	13	51	-34	-16	3	-2	5	54
20200808	23	13	16	6	-4	13	9	3	3	9	5	21	11	9	11	21
20200809	25	3	33	11	-4	12	-8	12	9	25	-5	31	14	15	13	24
20200810	7	-5	-38	-3	1	3	-8	1	-1	54	-50	-9	-4	-4	-2	23
20200811	1	-5	-34	-1	1	0	-7	2	0	48	-41	-7	-4	-3	-2	15
20200812	7	4	-21	2	0	1	-3	-4	1	56	-37	-6	-1	0	0	13
20200813	12	2	-17	0	-1	3	-2	-1	5	64	-31	-4	1	1	2	21
20200814	20	-5	-21	8	-3	19	3	2	14	81	11	-8	6	3	8	48
20200815	20	2	-5	0	-3	10	1	0	-1	4	5	16	6	3	6	13
20200816	20	-2	18	11	-3	11	-2	9	10	18	23	33	12	14	12	19
20200817	8	1	-11	-2	-1	1	-4	2	2	45	-34	-1	0	1	1	14
20200818	2	6	-14	0	-1	1	1	-1	3	55	-33	1	1	2	2	13
20200819	10	5	-10	1	-2	1	1	7	8	61	-28	-1	2	3	3	17
20200820	5	0	-10	0	-1	2	0	5	8	47	-26	-5	0	0	1	17
20200821	18	-11	-16	2	-2	15	-2	5	13	98	-11	-12	3	-1	4	43
20200822	15	6	-8	0	-3	9	1	3	4	18	-4	14	7	5	7	12
20200823	13	-4	3	5	-2	6	-12	2	6	14	-9	23	7	9	7	15
20200824	2	-1	-15	-3	0	0	-4	-4	1	32	-36	-4	-2	-2	-1	8
20200825	8	5	-17	9	-3	21	1	-1	-4	16	-9	-9	5	0	6	16
20200826	5	-3	-15	5	-1	18	-4	0	-6	17	-17	-13	2	-4	3	20
20200827	17	6	-12	7	-3	12	-2	6	6	80	-16	-6	5	4	6	20
20200828	20	-9	-18	7	-4	25	1	9	13	58	14	-14	6	0	8	41
20200829	8	-5	-9	3	-3	11	0	3	3	11	8	5	7	4	7	10
20200830	16	-3	9	6	-3	8	-15	-1	9	14	12	14	8	9	8	15
20200831	5	-1	-14	-2	0	-1	-3	-1	3	51	-36	-5	-2	-1	-1	7
20200901	9	-2	-13	-1	0	-2	3	5	4	39	-14	1	0	2	1	7
20200902	9	2	-7	1	-1	4	2	1	6	32	-30	-1	2	2	3	12
20200903	6	1	-17	0	0	3	-6	0	4	49	-22	-4	0	0	1	17
20200904	19	-12	-20	3	-2	15	1	8	14	85	-4	-11	3	0	5	40
20200905	8	-12	-6	2	-2	8	3	2	1	0	6	5	5	2	5	8
20200906	15	-6	21	10	-3	9	-7	12	14	16	25	6	10	11	10	13
20200907	5	5	-10	2	-1	3	-4	2	6	68	-30	-3	1	2	2	12
20200908	4	0	-8	0	0	-1	0	3	5	57	-22	-2	0	1	0	8
20200909	3	-2	-12	3	-1	-1	1	1	5	60	-18	-1	0	2	1	11
20200910	15	10	-12	5	-3	11	1	4	6	58	-21	-3	5	4	6	19
20200911	19	-10	-22	8	-3	20	1	4	12	65	0	-14	5	0	6	44
20200912	12	-6	6	4	-3	11	1	4	6	17	3	8	8	6	8	10
20200913	23	2	28	17	-5	15	-5	19	20	30	33	25	17	20	17	19
20200914	7	0	-14	0	-1	4	-2	5	5	48	-30	-3	1	1	2	10
20200915	12	2	-9	1	-1	1	-1	0	6	39	-37	-3	1	2	1	11
20200916	7	2	-6	2	-1	2	-2	6	6	47	-25	-3	1	2	2	12
20200917	14	2	-8	2	-1	2	-2	5	7	48	-21	-3	1	2	2	11
20200918	25	-6	-18	7	-4	19	2	4	16	75	19	-10	7	3	8	40
20200919	15	2	-3	5	-3	11	3	6	4	7	20	7	9	6	9	8
20200920	22	5	20	16	-4	11	-5	30	17	29	12	14	14	18	14	16
20200921	8	2	-12	1	-1	1	-1	3	3	55	-27	-4	0	1	1	11
20200922	9	5	-11	2	-1	0	0	1	6	53	-16	0	2	3	2	9
20200923	6	4	-15	2	-1	3	0	5	4	54	-33	-4	1	1	2	10
20200924	7	3	-12	1	-1	2	3	7	5	65	-28	-2	1	2	2	13
20200925	17	-9	-16	4	-2	17	-2	3	11	57	-7	-13	3	-1	4	29
20200926	-2	-14	-13	-8	0	5	-5	-7	-9	-9	-9	3	-1	-6	-1	-3
20200927	5	-8	18	2	-1	4	-13	-2	0	0	11	26	4	4	4	7
20200928	-4	-3	-14	-2	1	1	-5	0	-1	33	-21	-5	-2	-3	-2	6
20200929	0	-8	-20	-6	2	-3	-9	-6	-5	29	-32	-8	-6	-6	-5	8
20200930	9	2	-11	2	-2	4	-1	6	7	50	-22	-3	2	2	3	9
20201001	5	1	-10	5	-2	9	2	-4	3	40	-24	-3	3	2	4	10
20201002	23	-10	-15	14	-5	28	1	2	12	50	25	-13	9	2	10	45
20201003	-16	19	-13	7	-4	6	754	580	2	-41	182	23	13	25	13	40
20201004	5	-8	22	1	-1	4	-14	1	0	-4	15	15	3	2	3	6
20201005	3	1	-14	0	0	4	-3	-2	-1	36	-26	-8	-1	-2	0	4
20201006	5	2	-12	2	-1	6	-3	-8	-1	16	-33	-4	0	-1	1	0
20201007	12	-1	-18	16	-4	34	-5	-4	-5	29	-17	-15	8	-1	9	36
20201008	6	7	-21	9	-3	25	-1	-3	-8	9	-11	-12	5	-2	6	19
20201009	24	-4	-23	15	-5	40	1	3	8	26	15	-15	11	1	13	54
20201010	11	4	-12	4	-4	18	-4	-4	-2	-18	10	7	9	0	9	5
20201011	-16	-8	-16	1	-6	42	-34	-15	-22	-60	79	27	21	-13	21	1
20201012	1	-7	-34	1	0	15	-7	-6	-4	29	-28	-14	-1	-6	0	17
20201013	5	-1	-35	3	0	14	-3	-7	-4	15	-21	-12	-1	-4	1	16
20201014	6	-3	-33	3	0	13	-8	-2	-5	24	-35	-16	-2	-6	0	17
20201015	1	-4	-34	-3	1	3	-6	-2	0	22	-29	-9	-4	-5	-2	15
20201016	8	-16	-38	0	1	14	-5	-2	4	35	-6	-17	-2	-6	0	32
20201017	-1	-6	-12	-6	0	5	-4	-7	-8	-16	3	11	0	-5	0	0
20201018	10	-12	4	5	-1	7	-19	5	-5	-31	43	26	4	0	4	10
20201019	-4	-11	-40	-5	3	0	-10	-4	-8	28	-45	-14	-8	-9	-6	10
20201020	-7	-10	-38	-5	3	9	-12	-13	-13	20	-36	-17	-7	-11	-5	10
20201021	3	-7	-37	3	0	15	-7	-2	-7	20	-39	-15	-2	-6	0	18
20201022	1	-6	-37	4	0	16	-4	-4	-6	17	-24	-16	-1	-6	1	17
20201023	6	-19	-40	-1	1	23	-7	-10	-5	17	-4	-20	-2	-10	0	31
20201024	6	-10	-15	-3	-1	11	-7	-10	-13	-31	0	7	2	-7	2	-2
20201025	-7	-20	-9	-12	2	-3	-10	-16	-19	-25	1	20	-6	-12	-6	-4
20201026	3	4	-11	-1	0	4	-6	-5	-7	27	-19	-6	-1	-3	-1	6
20201027	1	0	-14	1	1	6	-8	-6	-7	21	-19	-7	-1	-4	-1	8
20201028	4	6	-11	-1	0	8	-7	-7	-6	28	-22	-6	0	-2	1	9
20201029	5	3	-14	2	-1	12	-5	-5	-7	17	-21	-7	1	-2	2	14
20201030	16	-6	-21	8	-3	28	-1	-5	-1	38	18	-17	5	-3	6	39
20201031	4	3	-22	3	-3	16	-5	-6	-8	-13	27	2	7	-2	7	5
20201101	-3	-19	3	-5	0	6	-10	-9	-17	-20	11	17	1	-8	1	12
20201102	-6	-7	-20	-5	3	1	-13	-14	-14	21	-24	-14	-7	-10	-6	6
20201103	-6	-5	-14	-9	3	-9	-8	-10	-9	24	-28	-6	-8	-7	-7	-4
20201104	-6	-4	-14	-9	4	-8	-12	-12	-10	9	-27	-7	-8	-8	-8	-8
20201105	-4	-4	-14	-6	2	-2	-9	-9	-9	8	-26	-8	-6	-7	-5	-2
20201106	5	-11	-21	-3	1	10	-6	-9	-5	23	16	-15	-3	-8	-2	13
20201107	-13	1	-26	-9	2	0	-12	-15	-18	-28	5	9	-6	-11	-6	-17
20201108	-11	-20	-7	-12	2	-5	-9	-7	-18	-24	7	17	-8	-12	-8	-7
20201109	-3	1	-16	-4	2	5	-10	-10	-14	9	-27	-10	-4	-7	-3	4
20201110	-2	-1	-14	-2	1	5	-9	-9	-12	11	-22	-10	-4	-6	-3	2
20201111	-4	-1	-17	-5	2	5	-11	-14	-14	0	-16	-10	-5	-8	-4	2
20201112	-3	1	-13	-4	1	7	-9	-12	-13	6	-18	-10	-3	-7	-3	3
20201113	0	-12	-19	-5	1	14	-11	-10	-10	2	6	-16	-4	-10	-3	15
20201114	-12	-10	-24	-10	2	1	-14	-18	-22	-32	9	2	-6	-14	-6	-15
20201115	-21	-33	-12	-21	5	-12	-22	-16	-30	-38	-7	10	-16	-22	-16	-11
20201116	-9	-4	-19	-9	3	5	-14	-16	-18	3	-18	-13	-7	-11	-6	-1
20201117	-11	-5	-22	-11	4	1	-16	-15	-18	9	-23	-14	-9	-12	-8	-2
20201118	-8	-7	-23	-5	3	6	-12	-13	-16	6	-18	-16	-7	-11	-6	3
20201119	-5	-6	-23	-4	3	10	-13	-17	-18	4	-21	-17	-6	-12	-5	8
20201120	1	-15	-24	1	0	24	-10	-11	-10	6	21	-20	-1	-10	0	24
20201121	-13	-9	-31	-12	2	6	-17	-20	-26	-40	10	-1	-6	-17	-5	-11
20201122	-18	-35	-14	-20	3	-4	-24	-15	-30	-38	-9	8	-11	-22	-11	-2
20201123	-11	-7	-17	-9	4	-4	-13	-10	-12	5	-28	-12	-9	-11	-8	-2
20201124	-5	0	-16	-6	3	-4	-10	-12	-10	7	-32	-9	-7	-7	-6	-5
20201125	-1	0	-17	-4	2	5	-9	-11	-11	4	-18	-10	-4	-7	-3	2
20201126	0	1	-16	-4	1	7	-10	-12	-12	0	-15	-8	-3	-6	-2	4
20201127	4	-12	-24	0	1	18	-7	-6	-7	10	18	-20	-2	-10	-1	19
20201128	-10	-8	-28	-7	1	9	-16	-17	-22	-35	17	-2	-3	-14	-2	-8
20201129	-15	-28	-12	-18	2	-1	-21	-11	-27	-36	2	12	-8	-19	-8	0
20201130	-2	-5	-23	1	1	18	-10	-10	-16	4	-15	-19	-3	-10	-1	13
20201201	-5	-4	-23	-2	1	14	-14	-14	-17	2	-17	-15	-3	-10	-2	11
20201202	-2	-3	-21	-1	0	19	-11	-10	-15	5	-17	-15	-1	-9	0	13
20201203	-1	-5	-21	4	0	24	-11	-13	-17	12	-15	-17	0	-9	1	18
20201204	4	-14	-26	4	-1	40	-9	-10	-15	-14	37	-24	3	-12	4	31
20201205	-18	-19	-37	-10	1	14	-24	-21	-26	-43	25	-19	-3	-20	-3	-6
20201206	-18	-33	-15	-20	3	-2	-24	-20	-29	-40	-8	0	-10	-23	-10	-1
20201207	-4	-7	-19	-2	1	17	-14	-13	-18	1	-16	-16	-3	-11	-2	13
20201208	-7	-8	-23	-2	3	7	-8	-8	-13	12	-32	-17	-6	-10	-5	8
20201209	-7	-7	-16	-6	3	-1	-12	-10	-11	5	-26	-10	-7	-8	-6	-3
20201210	-8	-8	-17	-7	4	-8	-10	-4	-9	14	-28	-8	-8	-8	-8	1
20201211	23	21	-21	1	-3	25	-5	-13	-7	28	-3	-12	5	-1	7	20
20201212	-18	-14	-33	-15	3	6	-20	-23	-28	-40	17	-6	-7	-20	-7	-12
20201213	-18	-29	-10	-19	3	-3	-22	-22	-28	-35	3	8	-9	-21	-9	0
20201214	-4	-9	-34	-2	3	11	-9	-9	-16	17	-22	-19	-6	-11	-4	12
20201215	-11	-18	-37	-9	6	-3	-15	-9	-14	18	-38	-21	-13	-15	-11	11
20201216	-20	-19	-35	-18	8	-10	-21	-19	-19	-2	-41	-19	-17	-19	-16	-6
20201217	-19	-21	-36	-17	8	-11	-20	-20	-18	-3	-46	-19	-17	-19	-16	-7
20201218	-15	-27	-40	-18	7	-3	-16	-16	-14	3	-13	-25	-16	-20	-15	3
20201219	-23	-12	-32	-24	7	-12	-20	-27	-28	-44	-15	1	-17	-23	-17	-24
20201220	-21	-37	-17	-26	5	-13	-24	-22	-28	-35	-11	12	-17	-23	-17	-9
20201221	-24	-29	-49	-23	11	-11	-25	-21	-24	0	-48	-30	-23	-26	-22	-8
20201222	-21	-29	-51	-23	10	-12	-26	-19	-21	-5	-51	-30	-23	-26	-21	-7
20201223	-20	-33	-55	-24	10	-6	-30	-25	-19	5	-57	-37	-23	-29	-21	1
20201224	-18	-17	-26	-22	4	-1	-21	-30	-31	-50	-5	2	-12	-23	-12	-8
20201225	-13	-31	-18	-15	2	-3	-19	-16	-18	-32	0	13	-8	-15	-8	5
20201226	-36	19	-41	-15	3	-17	607	459	-17	-61	124	25	-9	3	-9	3
20201227	-30	-41	-18	-33	6	-19	-33	-33	-35	-40	-24	11	-23	-29	-23	-11
20201228	-29	-42	-63	-30	14	-13	-31	-22	-29	-7	-57	-42	-30	-35	-28	-8
20201229	-29	-40	-61	-27	13	-13	-30	-21	-26	0	-52	-41	-29	-33	-27	-7
20201230	-24	-40	-59	-26	12	-9	-29	-19	-23	4	-50	-41	-27	-32	-25	-4
20201231	-20	-22	-35	-31	6	-4	-29	-41	-39	-41	-27	-2	-17	-30	-17	-5
20210101	-21	-10	-9	-29	4	-10	-32	-30	-34	-37	-30	31	-15	-23	-15	-3
20210102	-33	-29	-44	-34	9	-18	-31	-36	-32	-53	-24	-9	-25	-32	-25	-29
20210103	-25	-39	-23	-29	6	-19	-26	-26	-25	-42	-22	6	-21	-26	-21	-15
20210104	-32	-32	-45	-27	11	-14	-27	-26	-28	-14	-47	-26	-24	-27	-23	-12
20210105	-29	-31	-44	-26	11	-16	-28	-22	-27	-20	-49	-24	-24	-26	-23	-12
20210106	-27	-30	-43	-26	11	-16	-27	-25	-27	-15	-44	-24	-24	-26	-23	-13
20210107	-28	-29	-42	-27	11	-16	-28	-24	-27	-11	-52	-24	-24	-26	-23	-12
20210108	-20	-36	-45	-25	10	-7	-24	-24	-23	-19	-29	-27	-21	-26	-20	-1
20210109	-29	-20	-34	-31	9	-17	-28	-33	-34	-53	-18	-3	-23	-30	-23	-27
20210110	-21	-36	-11	-26	5	-15	-32	-20	-23	-39	-10	8	-18	-23	-18	-13
20210111	-24	-24	-38	-25	10	-15	-26	-24	-26	-6	-45	-19	-21	-22	-20	-12
20210112	-28	-26	-38	-27	10	-15	-30	-27	-28	-14	-50	-20	-22	-25	-22	-14
20210113	-29	-29	-40	-26	11	-15	-27	-31	-29	-16	-46	-24	-24	-26	-23	-11
20210114	-25	-25	-40	-22	9	-13	-23	-22	-24	-8	-48	-20	-20	-22	-19	-10
20210115	-21	-30	-42	-21	9	-5	-22	-22	-20	-15	-23	-25	-19	-23	-18	0
20210116	-28	-17	-33	-31	8	-15	-28	-32	-35	-46	-23	1	-22	-29	-22	-26
20210117	-28	-38	-25	-33	3	-20	-24	-24	-36	-36	-23	9	-23	-29	-23	-14
20210118	-28	-26	-42	-26	7	-15	-26	-24	-27	-16	-42	-23	-23	-25	-22	-11
20210119	-27	-27	-42	-27	7	-20	-28	-25	-27	-12	-50	-17	-23	-23	-22	3
20210120	-25	-22	-40	-25	6	-15	-26	-24	-26	-3	-48	-21	-22	-23	-21	-9
20210121	-22	-27	-42	-24	6	-17	-25	-22	-25	-7	-49	-21	-22	-23	-21	-10
20210122	-20	-33	-44	-24	5	-9	-22	-22	-22	-6	-26	-24	-21	-24	-19	4
20210123	-26	-17	-32	-27	4	-16	-25	-30	-34	-45	-14	-1	-21	-27	-21	-26
20210124	-22	-34	-14	-26	2	-17	-3	-25	-34	-25	-16	24	-19	-22	-19	-12
20210125	-27	-26	-42	-27	7	-17	-28	-27	-29	-13	-49	-25	-24	-26	-23	-11
20210126	-27	-26	-40	-27	7	-18	-29	-26	-28	-5	-46	-21	-24	-25	-23	-12
20210127	-28	-29	-43	-27	7	-17	-29	-28	-28	-20	-50	-23	-24	-26	-23	-11
20210128	-28	-28	-41	-28	7	-18	-29	-29	-28	-15	-49	-23	-25	-26	-24	-10
20210129	-16	-32	-46	-21	5	-6	-21	-24	-21	1	-18	-28	-20	-24	-18	4
20210130	-30	-17	-31	-32	5	-17	-28	-32	-37	-50	-26	-2	-23	-30	-23	-25
20210131	-17	-30	-19	-20	1	-13	-27	-12	-22	-32	-12	7	-15	-19	-15	-9
20210201	-27	-28	-42	-26	7	-16	-27	-25	-27	-8	-43	-25	-24	-26	-23	-11
20210202	-24	-26	-40	-24	6	-16	-25	-23	-26	1	-53	-22	-22	-23	-21	-9
20210203	-23	-25	-43	-23	6	-14	-24	-23	-25	-6	-45	-21	-21	-23	-20	-7
20210204	-19	-24	-39	-20	5	-14	-21	-19	-20	2	-49	-21	-20	-21	-18	-7
20210205	-18	-31	-43	-21	5	-6	-20	-19	-19	-6	-18	-26	-19	-23	-18	5
20210206	-29	-20	-30	-31	5	-19	-25	-33	-39	-49	-27	-2	-24	-30	-24	-26
20210207	-30	-44	-16	-35	4	-22	-28	-34	-46	-41	-24	6	-27	-34	-27	-15
20210208	-29	-29	-45	-28	8	-17	-30	-29	-32	-13	-52	-26	-26	-28	-25	-12
20210209	-26	-28	-42	-26	7	-17	-26	-24	-28	-4	-47	-23	-24	-25	-23	-12
20210210	-23	-26	-43	-23	6	-14	-25	-26	-27	-17	-47	-24	-22	-24	-21	-10
20210211	-23	-26	-43	-21	6	-13	-24	-21	-23	-5	-49	-24	-21	-23	-20	-6
20210212	-19	-33	-46	-22	5	-5	-22	-21	-21	-4	-27	-29	-20	-25	-19	4
20210213	-25	-15	-38	-25	3	-12	-23	-27	-30	-44	-11	-4	-18	-25	-18	-22
20210214	-19	-29	-22	-20	1	-11	-26	-15	-23	-28	3	13	-14	-18	-14	-6
20210215	-36	-39	-56	-35	11	-22	-36	-34	-37	-19	-60	-36	-33	-36	-31	-16
20210216	-28	-27	-45	-26	7	-17	-27	-24	-27	-9	-49	-26	-25	-26	-23	-12
20210217	-22	-24	-40	-23	6	-15	-25	-22	-23	-1	-45	-22	-21	-23	-20	-8
20210218	-23	-21	-40	-22	6	-15	-23	-24	-22	1	-43	-21	-20	-21	-19	-9
20210219	-15	-31	-43	-18	4	-2	-19	-18	-16	1	-24	-27	-17	-22	-16	6
20210220	-19	-12	-28	-20	2	-10	-16	-19	-22	-30	-6	-4	-14	-18	-14	-17
20210221	0	-17	-4	-5	-2	-5	-11	-7	-4	-12	37	6	-5	-4	-5	-4
20210222	-18	-21	-33	-20	5	-12	-21	-20	-22	-8	-39	-21	-18	-20	-18	-8
20210223	-15	-21	-33	-17	4	-12	-20	-14	-17	5	-33	-19	-17	-18	-16	-7
20210224	-14	-17	-34	-15	3	-10	-15	-12	-14	13	-32	-19	-15	-16	-14	-5
20210225	-13	-16	-33	-13	3	-10	-16	-9	-14	15	-27	-19	-15	-16	-14	-4
20210226	-10	-28	-38	-17	3	-1	-17	-18	-13	7	-10	-25	-15	-19	-14	8
20210227	-22	-11	-26	-20	2	-10	-19	-23	-25	-36	-8	-1	-15	-20	-15	-20
20210228	-5	-22	0	-10	-1	-7	-16	-10	-11	-16	15	6	-8	-9	-8	-5
20210301	-15	-20	-33	-17	4	-9	-19	-16	-18	9	-35	-20	-16	-18	-15	-6
20210302	-17	-16	-31	-13	3	-8	-17	-12	-15	4	-38	-18	-14	-16	-13	-5
20210303	-17	-19	-35	-14	4	-8	-19	-19	-19	-7	-32	-23	-17	-19	-16	-5
20210304	-20	-20	-34	-18	4	-12	-24	-22	-20	-8	-35	-19	-18	-20	-17	-7
20210305	-11	-27	-36	-15	3	-1	-17	-16	-12	4	-10	-23	-14	-19	-13	8
20210306	-17	-6	-25	-17	2	-10	-17	-20	-23	-36	-5	0	-14	-18	-14	-20
20210307	-12	-25	-13	-13	-1	-7	-20	-6	-16	-25	6	8	-9	-13	-9	-6
20210308	-20	-19	-33	-18	4	-11	-23	-18	-20	-3	-38	-20	-18	-19	-17	-7
20210309	-22	-21	-32	-20	5	-14	-24	-20	-21	-12	-38	-18	-19	-20	-18	-11
20210310	-14	-15	-32	-14	3	-7	-19	-15	-17	-6	-38	-19	-15	-17	-14	-3
20210311	-17	-20	-34	-15	4	-13	-18	-16	-17	0	-40	-19	-17	-17	-16	-6
20210312	-9	-25	-35	-13	2	1	-16	-17	-12	3	-10	-25	-14	-18	-12	9
20210313	-23	-11	-25	-23	3	-12	-20	-26	-31	-41	-16	-2	-18	-23	-17	-21
20210314	-23	-34	-16	-25	2	-15	-21	-25	-29	-31	-10	6	-18	-23	-18	-10
20210315	-14	-16	-29	-16	3	-11	-18	-18	-18	1	-41	-19	-16	-17	-15	-4
20210316	-17	-16	-27	-15	3	-12	-18	-17	-17	-9	-40	-16	-16	-16	-15	-9
20210317	-16	-16	-27	-14	3	-10	-19	-18	-16	-1	-32	-14	-14	-15	-14	-3
20210318	-14	-16	-28	-13	3	-10	-17	-13	-14	-7	-32	-16	-14	-15	-13	-6
20210319	-7	-22	-31	-10	1	0	-13	-12	-9	8	-7	-23	-12	-16	-11	9
20210320	-18	-10	-27	-15	1	-5	-17	-18	-22	-39	-2	-2	-11	-18	-11	-19
20210321	-21	-34	-14	-24	1	-11	-23	-21	-28	-39	-18	6	-16	-24	-16	-7
20210322	-16	-17	-27	-14	3	-8	-19	-18	-18	-8	-24	-20	-15	-18	-15	-7
20210323	-17	-18	-26	-14	3	-12	-19	-15	-16	-5	-30	-18	-16	-17	-15	-7
20210324	-10	-15	-27	-10	2	-7	-12	-9	-10	2	-29	-17	-12	-13	-11	-4
20210325	-11	-12	-30	-9	2	-7	-13	-12	-13	-7	-32	-18	-12	-13	-11	5
20210326	-1	-19	-33	-5	-1	12	-11	-9	-6	18	8	-23	-7	-13	-5	20
20210327	-36	-27	-44	-27	4	-14	-34	-35	-36	-63	-15	-24	-24	-33	-24	-34
20210328	-8	-31	-9	-11	-2	1	-34	-16	-16	-31	13	8	-5	-14	-5	9
20210329	-9	-18	-43	-4	0	10	-14	-9	-13	16	-20	-25	-9	-15	-7	13
20210330	-4	-15	-41	-4	0	7	-11	-6	-8	15	-28	-22	-8	-13	-6	11
20210331	-3	-17	-40	-2	0	5	-10	-6	-3	34	-29	-23	-8	-11	-6	13
20210401	0	-15	-44	-2	-1	12	-10	-5	-2	30	-32	-25	-6	-12	-4	21
20210402	6	223	206	21	-2	-31	348	213	-8	-80	1	261	-3	42	-4	14
20210403	-15	-18	-28	-14	-1	0	-17	-18	-20	-36	-1	-4	-8	-17	-8	-10
20210404	-1	-25	-3	-4	-3	3	-27	1	-10	-32	5	12	-1	-8	-1	11
20210405	-14	202	171	2	1	-40	280	164	-29	-78	-38	271	-14	27	-15	-7
20210406	-21	-26	-42	-17	4	-6	-21	-23	-22	-6	-45	-24	-18	-22	-17	-1
20210407	-24	-30	-45	-21	5	-7	-26	-23	-25	-12	-52	-20	-19	-23	-18	2
20210408	-14	-22	-43	-11	2	-1	-16	-17	-15	8	-35	-22	-13	-17	-12	5
20210409	-5	-29	-45	-8	1	10	-12	-10	-9	10	-10	-27	-10	-17	-8	20
20210410	-24	-23	-29	-25	3	-7	-27	-27	-33	-51	-11	-7	-17	-27	-17	-18
20210411	-24	-42	-12	-28	2	-14	-38	-28	-36	-44	-19	9	-19	-28	-19	-7
20210412	-16	-21	-36	-13	2	-1	-19	-20	-20	1	-37	-17	-13	-17	-12	5
20210413	-16	-20	-35	-14	2	-4	-17	-16	-18	0	-38	-15	-13	-16	-12	4
20210414	-17	-21	-35	-12	2	-3	-19	-16	-19	-9	-31	-18	-14	-17	-13	2
20210415	-13	-20	-35	-10	2	-2	-17	-16	-17	-5	-41	-18	-13	-16	-11	3
20210416	-9	-28	-39	-10	1	8	-15	-16	-12	-3	-9	-24	-11	-17	-10	16
20210417	-23	-26	-19	-16	1	-6	-21	-20	-26	-43	12	-1	-13	-20	-13	-27
20210418	-16	-34	-15	-18	0	-7	-38	-17	-25	-35	16	5	-12	-20	-12	-8
20210419	-16	-21	-30	-14	3	-3	-20	-20	-21	-12	-28	-20	-14	-18	-13	-6
20210420	-13	-17	-27	-10	1	-3	-14	-13	-15	-2	-24	-16	-11	-14	-11	-5
20210421	-15	-18	-29	-10	1	-1	-16	-13	-16	4	-23	-18	-12	-15	-11	-3
20210422	-10	-14	-27	-7	0	0	-16	-10	-13	7	-26	-17	-10	-13	-9	-2
20210423	-4	-22	-31	-5	-1	11	-11	-10	-8	7	13	-23	-8	-14	-6	7
20210424	-17	-19	-22	-11	0	-1	-18	-17	-22	-36	10	-3	-9	-16	-9	-24
20210425	-4	-27	1	-6	-2	0	-29	4	-11	-22	27	7	-3	-9	-3	-4
20210426	-14	-19	-32	-10	2	0	-17	-15	-17	9	-29	-20	-12	-16	-11	-3
20210427	-10	-15	-34	-4	0	7	-14	-10	-17	2	-29	-17	-8	-13	-7	5
20210428	-8	-14	-36	0	-2	19	-13	-8	-17	10	-13	-23	-5	-13	-3	12
20210429	-17	-19	-36	-10	2	3	-20	-20	-19	-11	-32	-22	-13	-18	-11	-5
20210430	-6	-26	-39	-7	0	11	-13	-13	-9	8	8	-27	-9	-16	-8	8
20210501	-31	10	-24	2	-3	-6	644	525	-9	-52	185	15	1	13	1	3
20210502	-14	-36	-12	-16	-1	-4	-33	-4	-22	-32	2	10	-9	-17	-9	-5
20210503	-13	-20	-33	-11	2	-2	-17	-17	-18	-5	-32	-21	-14	-17	-12	-5
20210504	-21	-23	-34	-17	4	-6	-21	-22	-21	-6	-33	-19	-16	-20	-15	-9
20210505	-20	-25	-34	-15	3	-5	-21	-19	-20	-2	-36	-20	-16	-19	-15	-7
20210506	-16	-21	-35	-10	2	-2	-17	-14	-17	-4	-35	-20	-13	-17	-12	-3
20210507	-6	-29	-38	-10	1	9	-14	-13	-12	7	-6	-25	-10	-17	-9	7
20210508	-16	-18	-16	-13	0	-1	-20	-19	-23	-36	3	-3	-9	-18	-9	-22
20210509	18	-16	1	16	-6	12	-11	17	11	3	48	6	11	11	11	7
20210510	-14	-18	-34	-11	2	1	-16	-15	-17	11	-32	-22	-12	-17	-11	0
20210511	-15	-20	-33	-11	2	-2	-17	-16	-17	7	-35	-18	-13	-16	-12	-3
20210512	-2	-12	-36	-3	-1	7	-13	-10	-6	39	-31	-21	-7	-11	-6	8
20210513	28	363	278	52	-6	-28	477	319	7	-68	13	267	10	69	9	8
20210514	-10	-31	-52	-8	2	11	-13	-7	-11	11	-9	-35	-13	-21	-11	8
20210515	-22	-24	-27	-17	1	-3	-23	-21	-26	-41	-3	-3	-12	-21	-12	-22
20210516	-11	-31	-17	-13	-1	-1	-32	-14	-17	-26	1	9	-6	-14	-6	-1
20210517	-11	-14	-27	-8	0	7	-14	-16	-17	-6	-20	-18	-8	-14	-7	3
20210518	-10	-16	-29	-6	0	2	-14	-11	-14	12	-30	-16	-9	-12	-8	3
20210519	-9	-13	-29	-6	0	3	-13	-10	-12	17	-21	-15	-8	-11	-7	3
20210520	-5	-10	-27	-3	-1	4	-10	-10	-7	23	-22	-16	-6	-9	-5	5
20210521	5	-20	-33	-1	-2	15	-9	-6	2	19	9	-22	-4	-10	-2	18
20210522	-17	-16	-20	-14	-1	2	-21	-20	-20	-33	11	-8	-8	-18	-7	-15
20210523	6	-25	6	5	-4	8	-27	4	1	-10	21	7	5	0	5	13
20210524	4	253	208	20	-1	-37	346	228	-15	-73	-28	249	-6	40	-8	1
20210525	-18	-18	-38	-10	2	0	-19	-14	-16	5	-34	-22	-13	-17	-12	0
20210526	-12	-15	-28	-7	0	1	-14	-13	-13	19	-22	-17	-10	-13	-9	2
20210527	-11	-16	-28	-8	1	-1	-17	-11	-12	17	-40	-17	-10	-13	-9	1
20210528	7	-18	-29	2	-3	19	-4	-1	1	23	18	-21	-1	-8	0	24
20210529	-3	-15	-18	2	-5	11	-9	-3	-5	-12	28	-2	4	-4	4	-5
20210530	17	-18	7	11	-6	12	-21	2	8	2	20	3	10	7	10	14
20210531	4	-5	-16	4	-4	8	-5	-1	-3	37	-16	-12	-1	-4	0	17
20210601	10	-3	-18	5	-4	8	-3	2	1	46	-16	-8	1	-1	2	23
20210602	25	5	-18	14	-8	22	0	5	13	88	-13	-11	9	5	10	51
20210603	-31	-50	-73	-26	9	1	-39	-28	-25	-10	-60	-53	-29	-39	-27	13
20210604	1	-25	-45	2	-2	20	-8	-3	-1	38	-15	-31	-5	-13	-3	31
20210605	-3	-11	-12	-5	-3	5	-12	-9	-12	-17	18	-5	-1	-8	-1	1
20210606	2	-22	17	-4	-3	3	-27	-4	-7	-14	3	9	0	-5	0	12
20210607	2	-3	-16	2	-3	6	-7	-1	-5	24	-13	-11	-2	-4	-1	14
20210608	5	-5	-16	3	-4	8	-5	-1	-1	35	-14	-8	0	-2	1	19
20210609	10	1	-15	7	-5	11	-3	0	1	41	-18	-6	3	1	4	27
20210610	13	1	-17	10	-6	13	-3	0	4	45	-17	-7	4	2	5	31
20210611	25	-10	-22	12	-8	28	3	6	12	67	10	-14	8	1	10	60
20210612	14	1	-9	5	-7	16	-3	-2	-1	0	19	6	9	2	10	19
20210613	27	-3	25	21	-8	19	-14	20	14	14	29	14	18	17	18	31
20210614	12	1	-16	7	-5	12	-4	2	2	41	-17	-9	3	0	4	26
20210615	12	4	-13	18	-8	30	4	4	-3	20	-3	-15	9	1	10	30
20210616	13	2	-20	14	-7	25	-3	1	1	34	0	-11	7	1	8	42
20210617	15	5	-22	13	-7	26	-3	1	3	27	-13	-15	6	0	8	37
20210618	25	-9	-25	18	-10	45	-1	-1	8	45	26	-18	12	0	14	70
20210619	19	-6	-6	12	-12	43	-2	-2	-4	-19	25	0	23	2	23	47
20210620	18	-11	28	15	-8	26	-23	17	3	-6	27	6	19	7	19	38
20210621	8	0	-19	12	-7	30	-6	-7	-7	20	-1	-15	6	-3	7	33
20210622	7	1	-19	8	-6	24	-5	-7	-4	16	-6	-12	4	-3	6	27
20210623	15	3	-21	14	-8	28	-3	-1	1	34	-4	-10	8	2	10	43
20210624	13	2	-20	15	-8	27	-1	1	2	29	-7	-12	8	1	9	37
20210625	27	-9	-26	18	-10	45	0	4	13	58	35	-15	13	3	16	72
20210626	20	1	-12	16	-10	31	-3	1	3	-1	38	1	19	6	19	33
20210627	21	2	25	19	-9	22	-19	12	10	6	20	18	19	14	19	31
20210628	10	-1	-23	5	-5	13	-6	-2	2	38	-26	-5	3	0	4	36
20210629	15	11	-21	11	-7	15	3	2	2	50	-18	-5	6	4	7	29
20210630	11	3	-21	7	-5	12	-3	-1	4	41	-16	-10	3	0	4	24
20210701	5	3	-20	8	-5	15	-2	1	7	33	-25	-11	3	0	4	23
20210702	26	-4	-27	15	-9	32	3	7	21	63	18	-17	10	3	12	64
20210703	14	-2	-13	12	-9	25	-1	1	12	-1	37	3	16	7	16	22
20210704	10	-4	15	9	-7	16	-21	1	9	-3	11	17	13	7	13	29
20210705	3	-5	-36	3	-4	12	-8	-4	2	41	-27	-15	-1	-5	1	23
20210706	4	-7	-33	4	-3	11	-8	-2	1	33	-30	-14	-1	-4	0	28
20210707	10	-1	-35	6	-5	15	-4	1	6	46	-31	-13	2	-1	4	31
20210708	2	-5	-36	4	-3	14	-8	-5	2	22	-24	-17	-1	-5	0	24
20210709	13	-15	-39	9	-6	30	-6	-2	12	44	3	-21	4	-4	6	52
20210710	7	-3	-19	6	-8	21	-6	-7	5	-9	23	-1	11	1	11	14
20210711	26	-3	28	11	-8	17	-24	18	14	14	15	15	15	13	15	43
20210712	1	-4	-36	3	-3	16	-7	-6	0	21	-16	-24	-3	-8	-1	26
20210713	-4	-10	-38	-2	-1	7	-12	-7	-5	13	-40	-23	-7	-12	-6	24
20210714	-6	-13	-41	-6	0	12	-21	-21	-8	20	-38	-24	-8	-15	-6	37
20210715	28	9	-39	15	-7	30	-7	4	8	121	-33	-26	7	0	9	52
20210716	22	-10	-42	13	-6	36	-4	-3	10	38	16	-31	5	-6	7	58
20210717	17	6	-10	5	-8	19	-5	-1	7	-5	26	3	11	3	11	27
20210718	-89	-100	-97	-93	9	-23	-93	-99	-85	-100	-100	-12	-46	-83	-46	-60
20210719	3	-6	-38	8	-3	22	-11	-5	-3	19	-16	-28	-1	-9	1	23
20210720	6	-2	-34	7	-4	16	-7	1	5	30	-34	-21	0	-5	1	30
20210721	10	-1	-33	8	-4	18	-7	3	6	22	-28	-22	1	-4	3	33
20210722	10	-1	-35	7	-4	20	-6	-1	8	21	-36	-23	1	-5	3	35
20210723	21	-11	-38	14	-7	37	-2	0	19	31	15	-30	6	-4	9	65
20210724	8	-5	-21	2	-6	17	-9	-9	3	-33	18	-2	7	-3	7	16
20210725	23	-1	26	16	-8	19	-12	16	17	-3	23	11	16	13	16	41
20210726	2	-5	-39	7	-4	23	-8	-4	1	-3	-24	-27	-1	-9	1	28
20210727	2	-4	-39	7	-3	21	-7	-6	-1	4	-32	-26	-1	-9	1	35
20210728	7	2	-38	6	-5	26	-7	-3	3	8	-27	-25	1	-7	3	37
20210729	10	-1	-39	10	-5	30	-8	0	8	8	-21	-27	3	-6	5	41
20210730	18	-8	-42	14	-6	37	-6	1	15	27	17	-33	5	-6	7	60
20210731	15	0	-15	6	-8	20	-5	-4	7	-11	17	3	11	3	11	24
20210801	22	5	26	14	-7	16	-16	1	15	-1	21	22	15	13	15	31
20210802	1	-4	-37	3	-3	16	-10	-4	1	19	-25	-25	-3	-9	-1	24
20210803	1	-6	-36	2	-2	12	-10	-6	-1	9	-30	-22	-4	-9	-2	23
20210804	7	-5	-35	8	-4	16	-8	0	5	22	-29	-22	-1	-6	1	29
20210805	10	-1	-36	6	-4	17	-7	-2	6	26	-22	-23	-1	-6	1	32
20210806	13	-16	-42	7	-5	29	-6	-4	11	33	3	-30	1	-8	3	54
20210807	15	-3	-12	5	-7	18	-5	-2	5	-15	23	3	10	2	10	20
20210808	23	6	19	14	-7	15	-19	5	15	-7	25	17	14	11	14	31
20210809	4	-4	-35	5	-3	19	-10	-3	-1	8	-26	-26	-2	-9	0	23
20210810	3	-5	-35	4	-3	14	-10	-4	0	30	-26	-23	-3	-8	-1	31
20210811	12	0	-36	10	-5	19	-6	-3	6	33	-23	-22	1	-4	3	34
20210812	11	-1	-35	11	-5	20	-6	3	8	29	-18	-22	2	-4	4	37
20210813	16	-13	-39	12	-6	33	-3	3	14	26	11	-31	4	-6	6	59
20210814	18	-1	-9	12	-9	23	-5	1	9	-11	33	1	14	5	14	26
20210815	29	2	41	22	-9	21	-15	9	20	4	29	13	20	17	20	37
20210816	-6	-10	-35	-1	-1	12	-13	-10	-7	1	-27	-25	-7	-13	-5	17
20210817	-1	-4	-31	5	-3	15	-7	-5	-2	1	-19	-20	-2	-7	0	19
20210818	6	0	-14	9	-6	24	-6	-7	-1	4	-6	-18	3	-4	4	28
20210819	9	3	-10	13	-7	25	-7	-2	5	6	6	-18	6	-2	6	28
20210820	19	-12	-21	16	-8	39	-4	-3	13	20	36	-26	8	-4	10	61
20210821	15	2	-16	11	-9	24	-4	2	10	-20	36	-2	14	4	15	28
20210822	14	-10	10	8	-6	15	-28	-3	8	-17	18	6	11	3	11	26
20210823	4	1	-10	8	-5	20	-8	-4	-1	4	-4	-18	2	-5	3	21
20210824	10	-1	-10	9	-5	17	-6	-3	2	6	-14	-16	3	-3	3	22
20210825	9	-1	-12	8	-5	17	-7	-5	3	1	-14	-17	2	-4	3	22
20210826	5	0	-11	7	-5	17	-6	-2	4	5	-13	-15	3	-3	3	21
20210827	16	-11	-17	10	-6	31	-7	-4	11	22	16	-23	5	-4	7	49
20210828	8	-8	-17	2	-6	18	-9	-5	0	-29	22	0	7	-3	8	18
20210829	11	-7	23	4	-6	12	-25	-5	4	-16	16	17	8	2	8	22
20210830	5	-1	-11	6	-5	17	-9	-4	0	3	-12	-17	1	-5	2	19
20210831	9	1	-10	11	-6	17	-6	1	5	7	-12	-14	4	-1	4	22
20210901	6	1	-10	11	-6	18	-4	-5	4	8	1	-14	4	-1	5	22
20210902	6	3	-13	11	-5	21	-6	-6	1	-1	-8	-19	3	-4	4	25
20210903	20	-10	-20	17	-8	41	-2	0	16	26	30	-25	10	-2	11	61
20210904	15	-3	-12	10	-9	25	-5	1	8	-20	39	-2	14	3	14	24
20210905	26	2	34	26	-9	23	-24	12	22	-10	30	12	21	17	21	29
20210906	6	0	-9	10	-6	22	-6	-5	-1	-1	-1	-17	3	-4	4	20
20210907	6	2	-9	13	-6	25	-6	-3	2	-2	9	-16	5	-2	6	25
20210908	11	3	-13	13	-7	25	-1	-2	5	2	-7	-16	6	-1	7	28
20210909	7	0	-8	11	-6	23	-5	-2	4	4	2	-16	5	-2	5	25
20210910	18	-9	-14	13	-7	33	-5	0	14	21	29	-22	7	-3	8	55
20210911	15	-4	-14	9	-8	22	-6	-4	5	-21	31	3	12	2	12	23
20210912	25	5	32	20	-8	21	-23	6	17	-13	56	14	18	13	18	26
20210913	4	0	-8	8	-5	19	-7	-3	1	6	-6	-15	3	-3	4	19
20210914	7	1	-5	12	-6	18	-5	-2	2	-5	3	-15	4	-2	4	19
20210915	3	-1	-10	6	-5	15	-7	-4	1	6	-8	-14	1	-4	2	25
20210916	10	5	-7	11	-6	20	-6	2	7	9	-14	-13	5	0	6	33
20210917	19	-6	-15	15	-8	37	-3	1	16	22	27	-22	9	-1	11	56
20210918	11	-3	-9	12	-9	24	-5	0	8	-24	38	1	14	4	14	24
20210919	20	3	25	17	-8	21	-25	7	17	-17	34	15	17	11	17	24
20210920	8	5	-12	-1	-4	3	-7	-2	5	48	-27	-10	-1	-2	-1	15
20210921	7	6	-14	1	-4	1	-2	4	8	73	-36	-8	0	1	1	24
20210922	11	7	-14	4	-5	4	-3	5	9	43	-30	-8	1	1	2	17
20210923	15	10	-13	7	-6	6	-1	5	10	58	-25	-10	3	3	4	24
20210924	25	-4	-21	8	-7	20	0	9	18	99	-16	-18	5	1	7	54
20210925	24	12	-5	10	-8	13	7	6	13	20	25	15	13	12	13	22
20210926	28	11	31	16	-8	12	-1	2	13	32	34	31	15	20	15	25
20210927	6	6	-15	-3	-3	3	-8	0	3	54	-35	-10	-2	-2	-1	13
20210928	11	8	-12	3	-4	3	-2	3	7	48	-17	-10	0	0	1	16
20210929	9	0	-14	-1	-4	3	-5	-2	4	54	-25	-10	-1	-2	-1	17
20210930	16	10	-14	4	-6	6	-1	9	12	70	-32	-9	3	3	4	23
20211001	26	-5	-20	8	-7	21	4	7	21	101	7	-16	7	2	8	57
20211002	19	14	-7	3	-7	10	4	0	6	9	14	5	8	6	8	18
20211003	15	10	18	5	-5	5	-10	-6	4	13	-8	32	7	10	7	20
20211004	11	5	-17	2	-4	4	-6	0	8	48	-31	-9	0	0	1	17
20211005	9	8	-15	5	-5	7	-2	2	4	39	-13	-12	1	-1	2	17
20211006	9	6	-19	4	-5	8	-4	-3	4	41	-15	-12	1	-1	2	23
20211007	20	16	-16	9	-7	14	0	5	11	58	-17	-10	6	4	7	30
20211008	30	0	-22	13	-8	26	1	8	23	85	16	-20	8	3	10	60
20211009	18	6	-8	11	-9	18	3	3	15	7	32	11	14	10	14	19
20211011	6	-3	-35	0	-3	14	-6	-1	-1	40	-24	-23	-3	-8	-1	21
20211012	2	-4	-35	-1	-2	8	-10	-8	-2	30	-26	-19	-5	-8	-3	22
20211013	8	-1	-33	0	-3	8	-7	2	5	44	-32	-18	-3	-5	-1	22
20211014	7	1	-35	0	-3	8	-6	4	7	49	-39	-18	-2	-5	-1	26
20211015	17	-12	-41	3	-4	21	-2	-2	13	80	-21	-26	0	-6	3	53
20211016	17	10	-16	4	-7	12	1	0	9	10	3	9	9	6	9	19
20211017	25	14	31	14	-8	12	-9	6	19	27	18	31	15	19	15	29
20211018	4	-2	-37	0	-2	6	-9	-5	3	58	-38	-21	-5	-7	-3	19
20211019	2	-5	-34	-4	-2	2	-7	-3	1	49	-39	-18	-6	-8	-5	18
20211020	2	-4	-34	-3	-2	6	-6	0	2	35	-33	-19	-5	-8	-3	21
20211021	-3	-9	-39	-6	-1	3	-14	-7	-3	46	-47	-21	-8	-11	-7	20
20211022	15	-15	-39	2	-3	18	-3	2	12	67	-25	-27	-2	-7	0	48
20211023	17	-5	-14	1	-6	10	-1	2	2	3	4	8	6	3	6	19
20211024	29	12	14	15	-7	10	-6	6	17	22	32	25	13	19	13	23
20211025	7	5	-14	3	-4	3	-6	-3	2	41	-20	-12	-1	-2	-1	14
20211026	7	3	-14	1	-4	8	-6	-5	1	24	-26	-8	0	-2	1	15
20211027	9	6	-14	3	-5	5	-1	3	7	48	-25	-10	1	0	2	20
20211028	13	7	-14	6	-5	6	-3	3	11	71	-32	-10	2	2	3	21
20211029	24	-3	-21	11	-7	21	1	10	22	97	-9	-19	6	2	8	51
20211030	16	4	-16	1	-6	11	1	-4	4	10	6	7	7	4	7	21
20211031	41	24	55	20	-9	13	27	10	21	52	-3	36	19	28	19	52
20211101	-14	-17	-69	-21	7	-2	-27	-20	-16	9	-59	-55	-24	-31	-22	6
20211102	5	8	-13	-3	-3	-2	-3	-2	5	39	-36	-9	-3	-2	-2	8
20211103	6	6	-15	-4	-3	-5	-6	-4	3	53	-35	-8	-4	-2	-3	8
20211104	17	14	-14	8	-6	22	-6	-6	-1	27	-2	-18	4	-2	5	18
20211105	18	-3	-19	3	-5	11	-1	1	14	71	-6	-18	1	-2	2	39
20211106	20	18	-9	2	-5	3	4	-1	2	7	7	10	4	5	4	9
20211107	12	23	6	2	-5	1	11	-4	4	17	17	33	5	10	5	12
20211108	5	5	-13	-5	-2	-2	-6	-3	2	56	-29	-10	-3	-3	-3	7
20211109	5	10	-13	-1	-4	0	-3	1	4	38	-31	-9	-1	-1	-1	8
20211110	7	4	-18	1	-3	1	-4	-2	2	41	-29	-11	-2	-2	-1	11
20211111	13	6	-18	3	-4	4	0	6	-1	46	-31	-12	-1	-1	0	19
20211112	13	-4	-23	3	-4	16	-3	3	11	41	5	-23	0	-5	2	38
20211113	7	7	-11	-5	-3	1	-3	-9	-6	-9	0	9	-1	-3	-1	6
20211114	7	20	21	5	-5	2	13	-6	6	10	16	29	5	9	5	13
20211115	4	4	-15	-4	-2	-3	-8	-3	1	44	-36	-11	-4	-4	-4	7
20211116	2	1	-15	-5	-2	-6	-8	-5	1	46	-34	-10	-6	-5	-5	5
20211117	9	7	-16	2	-4	6	-4	-3	-1	32	-10	-14	-1	-3	0	13
20211118	15	4	-14	6	-4	8	-4	1	5	59	-21	-15	1	-1	2	24
20211119	16	-7	-21	1	-4	9	-3	-1	11	82	-9	-20	-1	-4	0	39
20211120	11	13	-7	-1	-4	2	2	-4	-1	3	13	12	2	2	2	7
20211121	3	13	19	-4	-4	-2	4	-16	-3	8	-3	32	0	3	0	10
20211122	3	2	-16	-3	-2	2	-7	-6	-4	27	-22	-16	-5	-7	-4	6
20211123	0	-1	-20	-3	-1	0	-10	-8	-2	36	-27	-16	-6	-7	-5	11
20211124	6	1	-17	-7	-1	-6	-9	-3	0	55	-38	-14	-6	-6	-6	7
20211125	7	1	-18	-3	-2	-5	-3	-4	2	67	-38	-12	-5	-3	-4	11
20211126	15	-6	-23	-2	-3	3	-1	-1	9	83	-10	-21	-4	-5	-2	31
20211127	13	16	-11	0	-4	0	1	0	-3	3	5	14	1	3	1	4
20211128	3	11	15	-1	-4	-1	7	-8	1	15	-2	26	2	5	2	11
20211129	1	-2	-19	-9	0	-7	-9	-9	-3	48	-37	-14	-8	-8	-8	3
20211130	1	-2	-18	-8	-1	-6	-12	-8	-4	35	-39	-14	-8	-8	-8	0
20211201	5	-14	-39	7	-2	24	-10	1	-8	31	-28	-38	-4	-14	-2	37
20211202	7	0	-18	-5	-2	-6	-7	-2	0	56	-31	-13	-6	-5	-5	9
20211203	10	-11	-24	-3	-2	7	-6	-1	7	80	-1	-21	-4	-7	-3	33
20211204	3	8	-18	-6	-3	-3	-3	-1	-9	-4	-2	11	-3	-3	-3	1
20211205	3	0	8	-2	-4	-2	10	-11	0	16	-4	23	1	4	0	11
20211206	-1	-3	-15	-7	-1	-5	-7	-3	-2	45	-28	-13	-7	-7	-6	6
20211207	5	-2	-17	-7	-1	-6	-6	-3	-2	51	-37	-14	-7	-6	-6	5
20211208	3	-3	-16	-6	-1	-6	-6	-4	-1	53	-30	-12	-6	-6	-6	10
20211209	5	1	-18	-4	-2	-5	-7	-5	0	46	-32	-12	-6	-5	-5	10
20211210	15	-11	-22	-1	-3	7	-5	-1	7	63	-11	-20	-3	-6	-2	34
20211211	1	0	-18	-6	-3	-1	-7	-8	-8	-9	-1	10	-3	-4	-3	2
20211212	1	3	5	-6	-3	-3	8	-4	-5	3	-6	22	-2	0	-2	11
20211213	2	-5	-18	-6	-1	-5	-9	-8	-2	48	-25	-14	-7	-7	-6	9
20211214	3	-1	-14	-6	-1	-6	-9	-6	-1	39	-25	-11	-6	-5	-6	9
20211215	4	7	-16	-3	-4	-2	-6	-5	0	46	-28	-13	-4	-4	-3	10
20211216	9	-1	-14	-2	-2	-2	-4	5	3	55	-31	-14	-4	-4	-3	13
20211217	18	-9	-24	1	-3	9	-2	-1	9	66	-1	-21	-2	-5	-1	37
20211218	5	6	-13	-3	-3	0	-4	-5	-5	-8	-3	6	-1	-2	-1	4
20211219	7	4	18	0	-4	-1	-2	-16	-1	8	2	20	1	4	1	12
20211220	2	-5	-17	-3	-1	-3	-6	0	0	45	-28	-18	-6	-7	-6	8
20211221	5	-5	-20	-4	-1	-3	-8	3	3	39	-29	-18	-6	-7	-6	10
20211222	3	-4	-22	-4	-1	0	-7	-2	5	62	-31	-21	-6	-8	-5	14
20211223	14	-9	-35	-3	-1	6	-8	-4	11	83	-34	-31	-6	-10	-5	28
20211224	-5	-39	-66	-11	3	19	-17	-14	-9	25	-23	-56	-17	-29	-14	44
20211225	-17	49	-26	2	-4	-8	715	527	6	-52	163	33	4	23	4	28
20211226	7	1	16	-1	-4	3	-1	-10	11	-1	9	18	4	5	4	21
20211227	-11	-27	-57	-16	5	-1	-19	-13	-10	29	-47	-44	-20	-26	-18	13
20211228	-15	-27	-55	-16	6	-7	-19	-13	-11	38	-49	-42	-21	-25	-19	8
20211229	-9	-28	-56	-15	5	-3	-18	-9	-8	31	-50	-43	-20	-25	-18	13
20211230	-4	-26	-57	-11	4	-1	-14	-4	-4	71	-45	-45	-17	-22	-15	20
20211231	-2	-42	-67	-15	4	22	-23	-20	-17	56	-19	-57	-18	-32	-15	63
20220101	-2	95	-31	1	-6	-5	757	410	-8	-51	133	54	6	24	6	29
20220102	-1	-17	-2	-13	-1	-9	-11	-17	-5	-3	-4	11	-8	-6	-8	9
20220103	-11	-23	-44	-17	4	-8	-20	-13	-14	40	-47	-31	-18	-21	-17	3
20220104	-16	-23	-42	-17	4	-11	-17	-13	-14	10	-44	-27	-19	-21	-17	0
20220105	-11	-20	-42	-15	4	-9	-16	-13	-13	13	-49	-27	-17	-19	-16	2
20220106	-8	-19	-40	-12	3	-7	-14	-8	-8	23	-50	-26	-15	-16	-13	6
20220107	-4	-26	-44	-12	2	1	-12	-8	-7	34	-26	-32	-14	-19	-12	21
20220108	-4	-3	-28	-13	0	-9	-13	-13	-16	-22	-9	4	-10	-12	-10	-7
20220109	-6	-2	5	-12	-1	-9	-1	-17	-11	-2	-9	24	-8	-5	-8	2
20220110	-3	-8	-14	-10	0	-6	-10	-8	-7	36	-29	-14	-9	-10	-9	2
20220111	-2	-7	-14	-10	0	-9	-10	-5	-7	26	-33	-14	-10	-10	-9	0
20220112	-3	-8	-18	-9	0	-7	-12	-9	-7	18	-31	-14	-10	-10	-9	1
20220113	2	-8	-15	-7	-1	-5	-9	-5	-3	40	-29	-14	-7	-8	-7	7
20220114	4	-17	-23	-7	-1	5	-7	-10	1	53	-13	-22	-7	-11	-6	25
20220115	0	-5	-23	-10	-1	-6	-10	-13	-13	-17	-4	7	-8	-9	-7	-5
20220116	-3	-4	4	-9	-2	-7	-2	-8	-10	-2	-9	16	-6	-5	-6	4
20220117	-7	-10	-17	-12	1	-7	-14	-11	-9	24	-29	-16	-11	-12	-10	0
20220118	-4	-10	-19	-9	0	-6	-12	-8	-7	23	-29	-15	-9	-10	-9	2
20220119	-3	-11	-19	-11	1	-7	-13	-11	-8	35	-39	-16	-10	-11	-10	1
20220120	-5	-9	-19	-10	0	-6	-12	-8	-6	41	-25	-16	-10	-11	-9	3
20220121	3	-19	-24	-9	0	5	-7	-6	-2	35	-7	-24	-8	-13	-7	24
20220122	-3	2	-25	-13	-1	-6	-12	-14	-15	-20	-11	5	-9	-11	-9	-4
20220123	-4	-2	1	-9	-2	-7	-1	-5	-9	-4	-4	19	-6	-4	-6	3
20220124	-10	-8	-22	-10	1	-6	-13	-12	-8	25	-38	-18	-11	-12	-10	2
20220125	-6	-10	-22	-11	1	-7	-12	-7	-8	29	-36	-18	-11	-12	-10	0
20220126	-10	-9	-19	-13	1	-8	-13	-12	-8	25	-37	-16	-11	-12	-11	0
20220127	-6	-11	-21	-11	1	-7	-14	-12	-8	34	-36	-16	-11	-12	-10	3
20220128	7	-14	-31	-5	-1	8	-6	-9	2	47	-7	-26	-7	-11	-5	25
20220129	1	-5	-17	-11	-1	-6	-9	-11	-13	-16	-7	9	-7	-8	-7	-4
20220130	5	0	7	-1	-3	-4	6	-7	-3	6	7	18	-2	2	-2	6
20220131	-7	-11	-25	-14	2	-8	-15	-15	-11	26	-36	-18	-13	-14	-12	0
20220201	-8	-12	-20	-11	1	-8	-14	-11	-8	42	-41	-14	-11	-11	-10	0
20220202	-2	-7	-21	-8	0	-5	-11	-12	-5	38	-30	-15	-9	-9	-8	4
20220203	-3	-8	-18	-9	0	-5	-10	-7	-5	33	-33	-14	-8	-9	-8	5
20220204	5	-16	-23	-6	-1	5	-9	-9	1	45	-2	-22	-7	-11	-6	25
20220205	5	6	-10	-4	-3	-3	-6	-7	-7	-13	5	10	-3	-3	-3	-1
20220206	-13	-13	-2	-14	-1	-10	-1	-13	-17	-7	-16	17	-10	-10	-10	2
20220207	-3	-8	-17	-10	0	-6	-14	-9	-7	27	-30	-15	-9	-10	-9	2
20220208	-2	-7	-18	-9	0	-6	-10	-8	-6	25	-40	-14	-9	-9	-8	3
20220209	-2	-6	-16	-9	-1	-5	-8	-11	-4	33	-32	-12	-8	-8	-7	5
20220210	-1	-4	-18	-8	-1	-3	-11	-7	-4	34	-37	-15	-7	-8	-7	8
20220211	11	-11	-24	-4	-2	10	-8	-5	4	50	-5	-22	-4	-8	-3	32
20220212	4	5	-22	-3	-3	-1	-6	-4	-4	-7	-1	7	-2	-2	-1	0
20220213	6	13	4	3	-5	1	5	-3	4	16	2	20	4	8	4	12
20220214	1	-3	-14	-7	-1	-2	-13	-8	-4	51	-36	-14	-7	-8	-6	7
20220215	-1	-5	-17	-10	0	-7	-11	-5	-5	31	-26	-15	-9	-9	-9	2
20220216	-2	-4	-16	-6	-1	2	-9	-11	-9	18	-21	-16	-6	-10	-6	6
20220217	-16	-24	-44	-18	4	-5	-23	-16	-19	31	-45	-31	-19	-23	-17	6
20220218	-1	-17	-22	-8	-1	5	-7	-9	-3	39	-8	-23	-8	-12	-7	21
20220219	2	1	-16	-6	-2	-3	-7	-6	-9	-6	4	3	-4	-5	-4	-2
20220220	-6	-4	5	-9	-2	-7	-2	-16	-13	4	-12	16	-6	-5	-6	6
20220221	-5	-8	-15	-11	0	-6	-13	-8	-8	45	-26	-15	-10	-11	-9	2
20220222	-2	-3	-12	-7	-1	-5	-9	-8	-3	33	-31	-13	-7	-7	-7	3
20220223	5	-4	-15	-1	-3	-1	-6	0	3	48	-30	-12	-4	-4	-3	9
20220224	4	-3	-24	-4	-1	0	-7	-6	-1	50	-36	-21	-7	-8	-6	16
20220225	1	-20	-44	-9	0	10	-14	-7	1	27	-18	-32	-10	-16	-8	31
20220226	10	11	-18	0	-4	3	-6	-3	-4	-4	8	10	1	0	2	9
20220227	21	22	33	10	-7	8	13	7	13	32	25	22	11	17	11	24
20220228	-4	-20	-51	-7	3	-2	-14	-3	-8	61	-32	-38	-15	-19	-13	11
20220301	-4	-8	-32	-10	1	-2	-14	-11	-7	26	-37	-22	-11	-13	-9	5
20220302	1	-5	-16	-4	-1	-3	-10	-5	-2	39	-24	-16	-7	-8	-6	8
20220303	1	-5	-13	-4	-2	-1	-7	-3	0	39	-31	-16	-5	-7	-5	5
20220304	7	-14	-20	-2	-2	10	-6	-2	5	41	18	-23	-4	-9	-3	26
20220305	0	3	-13	-2	-3	0	-6	-4	-4	-7	4	5	-1	-2	-1	-2
20220306	3	1	14	0	-4	0	2	-11	2	8	13	16	2	4	1	7
20220307	-1	-7	-14	-5	-1	-1	-12	-8	-6	24	-27	-17	-7	-10	-7	3
20220308	-3	-5	-17	-8	0	-3	-10	-4	-4	33	-22	-17	-8	-9	-8	4
20220309	1	-9	-15	-4	-1	-1	-10	-5	-3	29	-15	-16	-6	-8	-6	6
20220310	4	-7	-15	-2	-2	1	-9	-2	0	47	-23	-15	-5	-6	-4	10
20220311	12	-14	-21	0	-3	10	-4	-1	6	59	-3	-23	-3	-7	-2	31
20220312	8	7	-9	0	-4	2	-3	-4	-4	-5	2	8	0	-1	0	3
20220313	13	11	22	9	-6	5	8	1	7	17	17	22	8	12	8	12
20220314	2	-4	-17	-7	-1	-1	-10	-7	-4	36	-29	-16	-7	-8	-6	6
20220315	-2	-6	-15	-7	-1	-3	-11	-8	-5	25	-23	-14	-7	-9	-7	4
20220316	2	-3	-13	-3	-2	-1	-8	-10	-2	38	-28	-14	-5	-6	-5	8
20220317	2	-4	-15	-4	-2	-1	-8	-5	-2	29	-28	-13	-5	-6	-5	10
20220318	15	-11	-20	3	-4	13	-3	2	10	75	4	-21	0	-5	1	36
20220319	9	8	-15	5	-5	5	-1	1	1	6	18	7	4	4	4	6
20220320	8	14	16	4	-5	5	9	4	6	16	17	22	7	9	7	16
20220321	6	-1	-13	-2	-2	0	-7	-5	0	51	-11	-15	-4	-5	-4	8
20220322	7	2	-12	0	-3	0	-5	-4	2	35	-30	-12	-3	-3	-2	8
20220323	3	0	-10	1	-3	2	-6	0	3	52	-20	-12	-2	-3	-1	10
20220324	7	4	-13	0	-3	2	-5	-2	4	49	-17	-12	-2	-3	-1	12
20220325	19	-4	-19	5	-5	16	2	2	14	81	29	-21	2	-2	4	42
20220326	-17	-12	-28	-11	-1	-8	-19	-18	-15	-36	5	-19	-12	-17	-12	-23
20220327	25	25	25	18	-8	15	-10	6	16	30	27	26	17	20	17	28
20220328	6	-1	-14	5	-4	10	-5	1	2	53	-23	-16	0	-4	1	19
20220329	6	-2	-14	2	-4	7	-7	-2	2	48	-30	-14	-1	-4	-1	17
20220330	9	2	-16	5	-5	9	-5	-2	4	58	-19	-13	1	-2	2	22
20220331	6	1	-15	5	-5	12	-8	-3	3	51	-19	-16	1	-3	2	23
20220401	17	-8	-21	8	-6	23	-4	0	9	63	20	-22	3	-4	5	48
20220402	8	-6	-13	-3	-5	7	-6	-7	-6	-4	8	7	2	-3	2	13
20220403	17	4	23	10	-6	10	-10	10	7	14	4	23	10	11	10	24
20220404	2	-1	-14	2	-3	7	-7	-6	-1	36	-24	-14	-2	-5	-1	17
20220405	10	-1	-15	1	-4	7	-7	-1	1	54	-23	-13	-1	-3	0	20
20220406	10	2	-13	4	-5	11	-5	-4	2	52	-21	-12	1	-2	2	26
20220407	12	3	-13	3	-5	10	-7	-2	4	54	-22	-12	1	-2	2	28
20220408	19	-8	-23	10	-7	29	-5	0	13	70	26	-21	6	-2	7	49
20220409	13	-18	-28	6	-13	56	-17	-15	-7	-41	58	-14	25	-7	25	43
20220410	13	3	26	15	-8	25	-18	-1	8	-14	28	14	19	8	18	34
20220411	8	-4	-36	6	-4	16	-6	0	4	55	-24	-23	-1	-6	1	25
20220412	12	0	-33	7	-5	12	-3	9	9	74	-31	-18	1	-2	2	30
20220413	11	2	-34	7	-5	14	-3	4	11	80	-35	-20	1	-2	3	33
20220414	23	2	-38	13	-7	22	-3	9	21	111	-39	-24	5	1	8	55
20220415	53	405	294	56	-10	-13	476	325	33	-69	41	232	22	77	21	56
20220416	20	-2	-21	6	-8	17	-2	3	10	24	18	1	12	7	12	25
20220417	52	19	55	33	-12	26	6	18	36	52	29	18	30	35	30	60
20220418	34	1	26	22	-9	19	-4	22	27	37	14	17	21	25	21	39
20220419	12	-1	-37	7	-4	16	-4	2	7	66	-36	-23	0	-4	2	32
20220420	16	0	-34	10	-5	16	-4	6	10	83	-21	-21	2	-1	4	36
20220421	14	2	-36	7	-4	15	-6	1	8	42	-24	-22	0	-4	2	34
20220422	18	-15	-40	11	-6	27	-4	3	13	72	-17	-28	3	-5	5	61
20220423	21	4	-6	8	-9	19	1	2	7	13	15	6	13	7	13	30
20220424	28	17	31	16	-8	15	-10	10	15	25	14	26	16	19	16	34
20220425	7	4	-14	7	-5	13	-8	-4	3	28	-19	-14	2	-2	2	23
20220426	14	8	-14	6	-6	12	-5	-2	6	57	-10	-11	3	1	4	24
20220427	19	10	-11	11	-7	17	-1	3	11	51	-21	-11	7	3	8	33
20220428	26	11	-17	16	-8	18	1	7	16	85	-17	-13	8	6	10	38
20220429	28	-2	-21	15	-9	31	3	11	21	69	6	-19	10	3	11	62
20220430	23	6	-6	7	-9	20	3	1	9	22	28	7	14	9	15	33
20220501	28	18	35	17	-8	17	-10	0	14	15	12	30	17	18	17	32
20220502	21	8	-17	11	-7	15	-2	2	13	76	-12	-13	5	3	7	29
20220503	19	10	-13	13	-7	16	1	7	13	52	-25	-11	7	4	8	30
20220504	24	10	-13	11	-8	17	2	9	14	63	-23	-9	8	5	9	33
20220505	21	14	-10	15	-8	17	1	6	15	64	-17	-10	9	6	10	35
20220506	31	-1	-16	19	-10	33	5	12	25	95	22	-18	12	6	14	70
20220507	20	15	-8	12	-10	21	5	9	12	19	31	8	17	12	17	31
20220508	46	29	46	36	-12	27	5	15	38	43	18	20	30	35	30	41
20220509	20	10	-11	12	-7	17	-1	4	12	74	-10	-12	7	4	8	32
20220510	23	10	-10	13	-8	16	0	6	14	75	-4	-9	8	6	9	32
20220511	27	16	-10	15	-9	18	3	5	18	72	-15	-9	10	8	11	39
20220512	28	16	-12	14	-9	17	-1	9	19	82	-23	-9	10	8	11	39
20220513	36	5	-18	20	-11	34	4	12	29	112	14	-18	14	7	16	74
20220514	31	20	-10	19	-12	25	7	11	20	26	29	9	21	17	21	39
20220515	42	20	47	34	-11	26	-1	27	31	39	26	23	28	32	28	45
20220516	14	9	-15	9	-6	16	-6	-2	9	62	-14	-13	5	1	6	30
20220517	22	15	-12	12	-8	17	-1	4	15	86	-18	-9	9	6	10	38
20220518	25	16	-15	17	-9	19	3	10	19	88	-14	-9	11	9	12	44
20220519	18	15	-10	14	-8	19	0	2	13	58	-19	-12	8	5	9	36
20220520	24	-5	-27	14	-8	32	-3	2	18	78	6	-25	7	-1	9	61
20220521	31	14	-4	14	-11	24	6	7	17	30	32	5	19	15	19	39
20220522	41	16	46	27	-11	25	-1	14	29	45	40	21	27	30	27	43
20220523	11	11	-15	8	-6	15	-5	-3	8	60	-23	-13	4	1	5	26
20220524	20	13	-13	13	-8	16	0	9	14	79	-16	-10	8	6	9	32
20220525	41	20	-17	22	-12	29	1	11	30	139	-16	-12	16	12	17	68
20220526	67	561	325	75	-11	-15	509	346	36	-63	-8	261	28	96	26	57
20220527	22	-15	-45	13	-6	30	0	8	18	105	-4	-35	3	-5	6	66
20220528	22	7	-12	12	-10	21	6	5	14	25	27	7	16	12	17	33
20220529	18	4	26	11	-7	15	-11	1	13	10	1	23	14	13	14	33
20220530	16	7	-14	9	-6	16	-2	2	11	71	-15	-13	5	2	6	29
20220531	21	12	-11	13	-8	16	-1	7	14	80	-11	-10	8	5	9	31
20220601	25	16	-14	15	-9	19	1	8	19	79	-24	-9	10	8	11	36
20220602	28	20	-11	20	-10	21	4	8	24	90	-11	-10	12	10	14	44
20220603	39	2	-20	24	-11	38	3	15	35	115	20	-20	15	8	17	76
20220604	28	18	-7	18	-12	27	4	8	23	33	35	3	22	17	22	43
20220605	40	11	44	15	-9	17	-4	-2	19	33	2	25	19	22	19	56
20220606	49	475	275	61	-8	-22	459	324	24	-65	8	237	17	79	16	39
20220607	18	16	-16	11	-7	16	-1	6	14	73	-16	-14	6	4	8	31
20220608	17	14	-19	5	-6	7	-2	3	11	80	-26	-10	3	3	4	28
20220609	20	7	-20	5	-6	9	-4	4	13	95	-36	-12	3	2	4	33
20220610	35	-1	-25	14	-9	25	4	11	24	133	-5	-20	9	4	11	70
20220611	32	20	-2	12	-10	18	8	10	16	42	20	12	17	16	17	38
20220612	50	28	53	32	-12	21	12	29	35	87	14	30	29	41	28	47
20220613	21	10	-22	5	-6	8	-2	4	12	99	-24	-13	3	2	4	31
20220614	25	15	-19	8	-7	9	1	11	16	119	-28	-10	5	6	7	35
20220615	44	15	-23	15	-9	20	1	13	26	172	-33	-13	11	10	13	69
20220616	8	-22	-66	-3	1	14	-14	0	7	65	-51	-51	-12	-20	-9	45
20220617	33	-8	-37	12	-7	24	4	14	21	152	-12	-29	5	0	7	72
20220618	34	25	5	14	-11	21	6	7	11	37	26	9	18	15	18	39
20220619	37	16	51	20	-10	17	1	6	21	70	8	34	22	30	22	46
20220620	19	8	-26	4	-5	7	-4	4	12	109	-28	-16	1	1	3	29
20220621	23	13	-22	6	-6	9	1	10	16	111	-28	-11	4	4	6	34
20220622	25	16	-22	10	-7	11	2	9	19	117	-26	-11	6	7	8	41
20220623	24	14	-25	9	-7	10	0	12	17	120	-32	-13	5	5	6	44
20220624	25	-3	-33	9	-6	21	0	4	23	133	-12	-26	4	0	6	66
20220625	32	19	-7	9	-10	18	8	6	18	38	13	9	16	15	16	38
20220626	29	13	43	13	-9	12	-1	5	22	60	8	34	17	25	17	43
20220627	20	6	-36	3	-5	11	-7	2	14	138	-37	-20	1	-1	3	42
20220628	20	14	-34	9	-6	11	-1	9	16	125	-30	-16	4	3	6	42
20220629	22	7	-34	4	-6	11	-1	9	15	110	-36	-16	2	1	4	42
20220630	18	10	-34	8	-6	16	-4	5	13	81	-36	-19	3	0	5	35
20220701	34	-5	-40	15	-8	34	1	12	22	116	-7	-27	8	1	11	79
20220702	37	22	-18	12	-11	24	6	6	17	35	22	9	20	15	20	47
20220703	53	17	52	32	-13	26	4	28	37	99	17	32	32	43	32	62
20220704	21	10	-38	8	-6	21	-5	3	12	75	-31	-20	4	0	6	42
20220705	22	9	-33	9	-7	19	-3	4	14	91	-24	-18	5	1	7	46
20220706	22	13	-36	9	-7	21	-6	1	14	85	-37	-18	5	1	8	43
20220707	19	7	-38	8	-6	19	-7	-3	13	92	-37	-22	3	-1	5	45
20220708	26	-7	-43	9	-7	25	-2	8	22	113	-2	-26	4	-1	7	69
20220709	29	11	-10	6	-9	16	2	-1	15	27	9	6	13	10	13	31
20220710	33	14	40	13	-9	12	-5	5	24	55	-5	34	17	25	17	41
20220711	15	3	-37	3	-4	10	-10	2	9	92	-43	-21	-1	-3	1	33
20220712	19	6	-36	4	-5	11	-4	6	12	97	-44	-15	2	0	4	38
20220713	16	6	-37	4	-5	12	-6	6	12	109	-42	-18	1	-1	3	40
20220714	23	6	-36	5	-6	13	-5	6	15	107	-39	-18	2	0	4	44
20220715	27	-4	-43	10	-7	27	0	6	25	100	-10	-27	5	-1	8	70
20220716	30	17	-9	7	-10	19	2	3	19	36	11	7	16	12	16	38
20220717	49	28	57	29	-12	22	7	19	39	89	5	25	29	40	29	61
20220718	17	6	-39	3	-4	14	-8	0	10	96	-34	-23	0	-3	2	42
20220719	16	3	-37	0	-3	9	-8	1	8	98	-42	-20	-2	-4	0	43
20220720	12	5	-37	0	-4	10	-6	-5	9	102	-39	-20	-1	-3	1	37
20220721	13	2	-39	0	-4	11	-8	-1	10	87	-40	-20	-2	-4	1	37
20220722	23	-9	-43	8	-6	25	-2	5	21	108	-23	-28	3	-3	6	69
20220723	30	17	-10	8	-10	18	4	4	18	44	17	8	16	14	16	38
20220724	48	14	47	25	-11	20	7	22	35	85	10	27	27	37	27	56
20220725	11	3	-42	1	-4	11	-10	-3	10	113	-36	-23	-2	-4	0	39
20220726	14	3	-36	0	-4	9	-7	-1	11	97	-37	-20	-1	-3	1	34
20220727	20	8	-35	5	-6	14	-3	7	17	123	-32	-19	3	1	5	45
20220728	26	9	-40	8	-6	16	-3	7	19	101	-38	-20	4	1	6	48
20220729	26	-6	-43	11	-7	27	-1	8	24	114	-11	-28	5	-1	8	73
20220730	29	15	-13	10	-10	20	6	5	18	37	16	7	17	14	17	38
20220731	43	22	45	22	-10	17	-2	15	30	76	9	29	24	34	23	52
20220801	19	7	-39	3	-5	11	-7	4	13	135	-39	-22	0	-2	2	41
20220802	26	11	-35	9	-7	15	-2	8	20	144	-35	-18	5	4	7	52
20220803	29	16	-39	10	-7	16	0	11	21	149	-45	-18	6	5	8	55
20220804	27	14	-37	9	-7	17	-3	7	21	151	-34	-20	5	4	8	54
20220805	32	-5	-43	11	-8	28	0	9	27	159	-13	-28	7	1	9	78
20220806	38	19	-9	14	-11	21	5	5	22	55	11	3	19	17	19	44
20220807	62	21	51	32	-12	21	5	19	40	111	22	23	31	46	31	73
20220808	29	14	-36	11	-7	18	-1	11	18	148	-40	-19	6	4	9	49
20220809	27	14	-31	14	-8	19	-2	10	19	127	-19	-18	7	5	9	48
20220810	28	21	-19	14	-9	19	-1	7	21	145	-14	-14	10	8	11	49
20220811	33	21	-18	17	-9	20	0	12	24	124	-22	-14	11	9	12	50
20220812	42	5	-24	20	-11	34	4	12	31	159	14	-23	13	7	15	86
20220813	37	18	-3	14	-11	23	7	7	20	53	15	4	20	17	20	49
20220814	49	20	54	29	-12	23	3	21	34	78	0	25	28	38	28	53
20220815	26	18	-17	12	-8	18	-2	5	18	139	-30	-14	8	6	10	42
20220816	30	22	-16	15	-9	18	0	6	21	145	-19	-10	10	9	12	45
20220817	30	22	-14	13	-9	19	-1	4	19	124	-25	-10	10	8	12	44
20220818	37	23	-14	16	-10	23	1	11	24	139	-17	-12	13	10	14	55
20220819	41	5	-23	21	-11	35	5	13	32	169	19	-21	14	8	16	83
20220820	36	21	-15	15	-11	24	5	7	21	56	19	5	21	18	21	47
20220821	49	18	44	30	-12	24	3	20	34	76	14	24	29	37	29	50
20220822	26	20	-16	12	-9	22	-3	8	16	111	-12	-14	9	6	11	41
20220823	31	20	-16	19	-10	24	3	6	18	129	-15	-13	12	9	13	46
20220824	35	23	-18	16	-10	24	0	8	20	135	-15	-14	12	9	14	53
20220825	36	24	-19	16	-10	22	2	8	22	134	-24	-13	12	9	13	53
20220826	39	6	-22	20	-11	34	5	13	31	151	10	-21	14	8	16	80
20220827	29	14	-11	13	-11	24	5	6	18	40	21	5	19	15	20	42
20220828	46	26	46	33	-12	25	3	19	38	74	22	25	31	39	30	52
20220829	24	19	-14	16	-9	24	-3	7	15	101	-8	-15	10	6	11	37
20220830	31	20	-19	19	-10	27	0	7	15	107	-11	-15	12	7	13	47
20220831	35	22	-18	20	-10	29	1	10	18	118	-19	-14	13	9	15	59
20220901	37	27	-15	22	-12	32	3	6	19	112	-15	-13	16	11	17	54
20220902	40	7	-23	22	-12	43	3	11	26	130	18	-21	16	7	18	83
20220903	28	12	-13	14	-11	28	3	4	13	31	31	2	20	13	21	41
20220904	42	14	32	29	-12	27	2	7	28	56	42	28	29	33	29	49
20220905	31	18	-17	17	-9	27	3	6	11	101	-16	-15	11	6	13	44
20220906	28	18	-17	14	-9	19	0	8	18	127	-26	-11	10	8	11	47
20220907	26	22	-13	13	-9	14	0	12	21	131	-24	-7	10	10	11	42
20220908	27	20	-12	10	-8	12	1	9	20	149	-33	-10	8	8	9	39
20220909	35	3	-19	14	-9	24	2	8	26	125	16	-18	10	5	11	64
20220910	25	20	-9	6	-8	14	0	1	11	42	2	9	12	11	12	32
20220911	42	14	45	24	-10	16	2	17	28	70	26	31	23	33	23	41
20220912	24	23	-12	11	-8	12	-1	6	18	116	-20	-9	8	8	9	32
20220913	24	21	-13	10	-8	13	0	5	17	122	-25	-8	8	8	9	30
20220914	20	18	-15	8	-7	12	-4	1	13	101	-34	-11	6	4	7	31
20220915	33	21	-14	15	-9	19	2	7	21	123	-20	-9	11	10	12	42
20220916	33	3	-21	17	-10	31	1	5	25	134	8	-19	12	5	13	65
20220917	23	12	-13	10	-10	19	1	2	13	42	23	6	15	12	15	29
20220918	23	16	30	10	-7	10	-6	2	14	42	-3	34	13	19	13	34
20220919	16	14	-18	4	-5	7	-7	-1	8	95	-31	-14	2	1	3	23
20220920	19	16	-15	9	-7	13	-2	5	13	92	-20	-11	6	5	7	30
20220921	23	15	-12	13	-8	14	0	5	15	95	-14	-10	8	6	9	34
20220922	27	21	-14	15	-9	17	1	10	20	100	-17	-10	10	8	11	37
20220923	36	5	-23	17	-10	32	1	11	25	124	18	-21	12	5	14	63
20220924	24	14	-7	14	-10	21	3	3	12	34	22	5	17	12	17	31
20220925	36	18	41	20	-9	17	0	9	23	55	20	31	21	28	21	37
20220926	13	10	-20	-1	-4	2	-5	3	11	90	-35	-14	-1	-1	0	22
20220927	15	16	-19	3	-5	3	-4	0	11	76	-30	-13	1	1	2	20
20220928	16	10	-19	4	-5	7	-5	0	7	78	-34	-13	1	0	2	20
20220929	16	9	-20	7	-5	9	-3	3	11	69	-27	-14	2	1	4	22
20220930	29	-2	-22	12	-8	24	3	13	26	125	18	-24	7	2	9	56
20221001	14	-2	-16	2	-7	12	0	-1	10	19	13	-3	8	5	8	18
20221002	41	10	38	16	-9	13	-2	13	23	83	7	23	19	30	19	53
20221003	52	472	274	54	-7	-27	443	328	21	-58	-8	236	14	77	12	30
20221004	12	3	-36	1	-3	3	-1	9	11	108	-33	-19	-2	-2	-1	24
20221005	13	1	-36	0	-3	2	-4	6	8	98	-37	-17	-3	-3	-1	21
20221006	13	-2	-36	-1	-3	0	-5	6	10	95	-34	-17	-4	-3	-2	23
20221007	19	-12	-39	4	-4	13	0	8	16	118	-15	-27	-1	-4	1	48
20221008	14	7	-13	1	-6	5	0	1	7	36	-2	2	6	6	6	18
20221009	24	9	29	16	-7	8	-1	10	21	53	16	19	13	23	13	25
20221010	5	-4	-38	-5	-1	-2	-8	1	3	82	-48	-20	-7	-7	-6	13
20221011	5	-3	-32	-4	-1	-3	-5	6	6	84	-53	-17	-6	-5	-5	14
20221012	8	0	-36	-2	-2	-2	-6	4	7	79	-38	-18	-5	-4	-4	17
20221013	8	-3	-35	-3	-2	-1	-6	1	6	79	-39	-19	-6	-5	-4	20
20221014	12	-18	-42	-2	-2	8	-6	-2	7	84	-20	-28	-6	-10	-4	43
20221015	13	9	-12	-2	-5	2	-2	3	2	32	-5	3	3	4	3	17
20221016	24	2	36	14	-7	6	-5	13	17	52	25	14	11	20	11	21
20221017	4	10	-16	-2	-4	-2	-5	0	7	93	-26	-10	-2	-1	-1	11
20221018	9	6	-16	0	-3	-4	-3	3	9	88	-26	-9	-2	0	-1	11
20221019	11	6	-13	-1	-4	-3	-2	1	8	89	-27	-8	-1	1	0	12
20221020	10	4	-15	-2	-3	-4	-4	2	8	74	-33	-10	-3	-1	-2	14
20221021	18	-12	-23	1	-4	9	-3	4	11	95	-14	-22	-2	-5	0	43
20221022	16	6	-9	3	-6	4	2	3	7	39	3	3	6	7	6	18
20221023	17	8	29	10	-6	4	-5	9	12	45	10	18	9	16	9	20
20221024	9	3	-18	-1	-3	-3	-4	1	5	93	-32	-11	-3	-1	-2	15
20221025	15	15	-18	2	-5	-1	-1	9	11	102	-32	-6	1	4	2	19
20221026	20	15	-14	2	-6	0	1	8	13	96	-22	-6	3	5	3	24
20221027	21	16	-14	6	-6	2	3	13	15	101	-33	-7	4	6	5	26
20221028	33	1	-23	11	-8	16	4	17	25	164	-8	-18	7	5	9	60
20221029	27	18	-7	7	-8	10	6	9	13	54	5	12	12	14	12	29
20221030	40	36	40	26	-10	13	36	26	31	103	27	33	23	40	23	33
20221031	36	6	-35	2	-4	5	-6	10	16	254	-42	-23	0	1	2	56
20221101	-3	-6	-67	-18	5	-3	-23	-13	-10	56	-54	-49	-21	-25	-18	12
20221102	17	18	-15	0	-5	-6	1	9	12	120	-30	-6	0	5	1	12
20221103	16	14	-14	0	-4	-7	-2	6	12	107	-29	-6	0	4	0	15
20221104	20	2	-20	2	-5	4	1	8	16	116	-15	-16	0	0	2	39
20221105	20	31	-12	4	-6	0	8	6	7	45	-9	17	6	12	6	14
20221106	18	22	20	7	-6	2	28	6	11	47	1	39	9	19	9	17
20221107	14	12	-15	-4	-3	-8	-3	4	7	105	-33	-7	-2	1	-2	9
20221108	17	16	-15	-3	-4	-9	1	6	10	101	-32	-5	-1	4	0	11
20221109	16	17	-15	-1	-4	-7	-1	8	12	113	-34	-6	0	4	1	13
20221110	20	15	-13	1	-5	-5	2	9	14	109	-37	-6	1	5	2	16
20221111	33	4	-23	7	-5	7	5	16	11	150	-11	-20	2	2	3	44
20221112	24	26	-19	9	-7	3	8	4	11	29	-2	12	7	12	8	13
20221113	22	24	24	13	-7	3	23	13	19	53	12	30	11	23	11	17
20221114	8	13	-16	-2	-3	-7	-4	2	7	90	-40	-9	-3	0	-2	8
20221115	11	15	-15	-3	-3	-8	-1	6	9	92	-37	-7	-2	2	-1	11
20221116	15	16	-24	4	-3	4	-2	1	-2	47	-22	-21	-2	-3	-1	14
20221117	18	14	-17	4	-5	5	-2	4	9	81	-30	-13	1	1	2	26
20221118	23	1	-19	3	-5	6	1	5	18	116	-14	-18	1	0	2	43
20221119	21	30	-8	2	-5	-1	6	5	2	32	-6	17	4	9	4	11
20221120	10	17	16	2	-5	-1	13	-3	1	28	6	36	4	10	3	15
20221121	8	8	-19	-5	-2	-9	-5	-2	3	85	-40	-12	-5	-3	-5	10
20221122	9	9	-17	-7	-2	-10	-5	2	4	80	-41	-9	-5	-2	-4	7
20221123	11	11	-17	-5	-3	-8	-3	1	4	87	-35	-9	-4	-1	-3	10
20221124	23	18	-14	6	-6	1	9	12	9	61	-25	-8	3	5	4	48
20221125	28	0	-25	5	-5	8	3	13	16	141	-13	-19	2	1	3	46
20221126	24	27	-2	4	-6	0	7	6	4	38	-7	16	5	10	5	12
20221127	19	27	24	7	-6	1	23	1	7	40	11	36	7	17	7	20
20221128	6	7	-22	-6	-2	-8	-6	-1	3	94	-41	-11	-5	-3	-4	13
20221129	13	11	-20	-4	-3	-10	-1	7	7	99	-40	-6	-3	2	-2	11
20221130	14	12	-19	-5	-3	-8	-3	5	8	96	-38	-7	-3	1	-2	13
20221201	20	14	-15	-1	-4	-6	0	9	11	116	-34	-7	0	4	0	19
20221202	21	-3	-24	1	-4	5	-2	6	12	109	-15	-19	-1	-2	0	42
20221203	23	27	-7	0	-5	0	5	4	2	34	-3	15	4	8	4	14
20221204	17	19	25	7	-6	1	19	-1	7	44	8	37	7	17	7	16
20221205	11	8	-19	-6	-2	-10	-5	0	3	86	-31	-11	-5	-2	-5	8
20221206	9	9	-19	-5	-2	-10	-2	4	6	102	-41	-8	-4	0	-3	10
20221207	12	10	-21	-3	-3	-8	-3	3	6	100	-37	-10	-4	0	-3	13
20221208	8	2	-25	-9	0	-12	-10	0	1	85	-42	-15	-9	-6	-8	10
20221209	21	-2	-25	0	-3	4	1	10	11	108	-12	-21	-2	-3	-1	42
20221210	16	25	-10	1	-5	-1	4	2	1	30	-2	18	3	7	3	12
20221211	16	22	23	5	-5	0	22	1	6	45	0	34	6	16	6	18
20221212	15	11	-22	-2	-3	-8	-1	3	5	105	-37	-12	-3	0	-2	12
20221213	13	12	-20	-3	-3	-9	-1	4	6	103	-42	-10	-3	0	-3	11
20221214	12	11	-20	-4	-2	-9	-2	4	5	100	-41	-10	-4	-1	-3	13
20221215	16	11	-20	-1	-3	-6	-1	7	8	107	-35	-11	-2	1	-1	17
20221216	23	-3	-27	2	-4	5	2	7	13	122	-13	-22	-1	-2	0	43
20221217	17	24	-20	-2	-5	-1	3	-3	-1	33	-11	14	2	5	2	10
20221218	10	13	17	4	-5	0	21	0	0	35	-3	34	4	12	4	17
20221219	10	6	-28	-5	-1	-9	-6	2	1	101	-40	-16	-7	-4	-6	11
20221220	12	9	-23	-4	-2	-10	-2	2	6	110	-41	-14	-5	-2	-4	11
20221221	14	7	-26	-4	-2	-7	-3	6	9	115	-42	-15	-5	-2	-4	16
20221222	18	6	-29	-2	-2	-3	-5	6	14	147	-48	-21	-4	-2	-3	26
20221223	13	-14	-52	-4	0	5	-7	-3	14	115	-30	-38	-9	-12	-7	41
20221224	11	10	-26	-7	-4	2	-3	-16	-7	-7	-8	3	-1	-4	-1	13
20221225	20	9	17	3	-5	3	5	-6	9	32	3	34	7	14	7	34
20221226	40	462	286	33	-5	-37	418	292	13	-63	-24	253	4	66	2	25
20221227	-2	-22	-58	-15	4	-7	-17	-5	-4	97	-53	-41	-19	-21	-17	16
20221228	2	-19	-56	-15	4	-8	-15	-3	-3	91	-57	-40	-18	-20	-16	18
20221229	4	-17	-56	-13	3	-6	-12	-1	-1	96	-59	-41	-17	-18	-15	21
20221230	3	-26	-57	-11	3	1	-10	-1	2	101	-39	-43	-15	-19	-13	31
20221231	13	-4	-29	-12	-5	11	-14	-33	-18	24	-8	8	1	-9	2	33
